target_pnc,target_name,first-association,count-per-first-association
Abschiebe-Kretschmann,Winfried Kretschmann,ministerpräsident,2
Abschiebe-Kretschmann,Winfried Kretschmann,migration,1
Abschiebe-Kretschmann,Winfried Kretschmann,grüne,1
Abschiebe-Kretschmann,Winfried Kretschmann,grün,1
Abschiebe-Kretschmann,Winfried Kretschmann,politiker,1
Abschiebe-Kretschmann,Winfried Kretschmann,politikerin,1
Abschiebe-Kretschmann,Winfried Kretschmann,schwäbisch,1
Abschiebe-Seehofer,Horst Seehofer,unsympathisch,1
Abschiebe-Seehofer,Horst Seehofer,arbeitet hart gegen asylanten,1
Abschiebe-Seehofer,Horst Seehofer,csu-politiker,1
Abschiebe-Seehofer,Horst Seehofer,innenminister aus bayern,1
Abschiebe-Seehofer,Horst Seehofer,cdu,1
Abschiebe-Seehofer,Horst Seehofer,rechter populist,1
Abschiebe-Seehofer,Horst Seehofer,66. geburtstag 66 abschiebungen,1
Abschiebe-Seehofer,Horst Seehofer,geburtstag,1
Abschiebe-Seehofer,Horst Seehofer,abschiebung,1
Abschiebe-Seehofer,Horst Seehofer,csu,1
Abschiebe-Seehofer,Horst Seehofer,ehemaliger ministerpräsident bayern,1
AfD-Höcke,Björn Höcke,nazi,3
AfD-Höcke,Björn Höcke,politiker,3
AfD-Höcke,Björn Höcke,rassistisch,1
AfD-Höcke,Björn Höcke,hohes parteimitglied,1
AfD-Höcke,Björn Höcke,völkisch,1
AfD-Höcke,Björn Höcke,rechts,1
AfD-Höcke,Björn Höcke,unsympatisch,1
AfD-Höcke,Björn Höcke,landtag,1
AfD-Höcke,Björn Höcke,rechtsextrem,1
AfD-Meuthen,Jörg Meuthen,rechts,2
AfD-Meuthen,Jörg Meuthen,politiker,2
AfD-Meuthen,Jörg Meuthen,früherer afd-chef,1
AfD-Meuthen,Jörg Meuthen,afd-gründer,1
AfD-Meuthen,Jörg Meuthen,afd,1
AfD-Meuthen,Jörg Meuthen,vorsitzender afd,1
AfD-Meuthen,Jörg Meuthen,nazi,1
AfD-Meuthen,Jörg Meuthen,rechtsextrem,1
Affären-Scholz,Olaf Scholz,spd,3
Affären-Scholz,Olaf Scholz,cum-ex affäre,1
Affären-Scholz,Olaf Scholz,untreue,1
Affären-Scholz,Olaf Scholz,cum-ex-affaire,1
Affären-Scholz,Olaf Scholz,bundeskanzler,1
Affären-Scholz,Olaf Scholz,mögliche politische kontroversen,1
Affären-Scholz,Olaf Scholz,politiker,1
Agenda-Schröder,Gerhard Schröder,spd,4
Agenda-Schröder,Gerhard Schröder,agenda 2010,3
Agenda-Schröder,Gerhard Schröder,früherer deutscher bundeskanzler,1
Aktenkoffer-Schäuble,Wolfgang Schäuble,cdu,2
Aktenkoffer-Schäuble,Wolfgang Schäuble,schwarzgeld,1
Aktenkoffer-Schäuble,Wolfgang Schäuble,finanzpolitik,1
Aktenkoffer-Schäuble,Wolfgang Schäuble,bundestagspräsident,1
Aktenkoffer-Schäuble,Wolfgang Schäuble,formell,1
Aktenkoffer-Schäuble,Wolfgang Schäuble,100000 mark,1
Aktenkoffer-Schäuble,Wolfgang Schäuble,nicht gemeldete parteispenden,1
Aktien-Merz,Friedrich Merz,cdu,2
Aktien-Merz,Friedrich Merz,geschäftsmann,1
Aktien-Merz,Friedrich Merz,cdu-politiker,1
Aktien-Merz,Friedrich Merz,er wirkt wirtschaftsnah,1
Aktien-Merz,Friedrich Merz,reich,1
Aktien-Merz,Friedrich Merz,blackrock,1
Aktien-Merz,Friedrich Merz,reichtum,1
Aktien-Merz,Friedrich Merz,besitz von aktien und wertpapiere,1
Alleingang-Söder,Markus Söder,kompromisslos,1
Alleingang-Söder,Markus Söder,dass der söder lieber mit bayern einen alleingang macht anstatt mit anderen bundesländern zusammenzuarbeiten,1
Alleingang-Söder,Markus Söder,cdu,1
Alleingang-Söder,Markus Söder,sturkopf,1
Alleingang-Söder,Markus Söder,ministerpräsident,1
Alleingang-Söder,Markus Söder,politiker,1
Alleingang-Söder,Markus Söder,ego,1
Alleingang-Söder,Markus Söder,franke,1
Alleingang-Söder,Markus Söder,bayern,1
Alleingang-Söder,Markus Söder,ministerpräsident von bayern,1
Alleingang-Söder,Markus Söder,minister,1
Amigo-Strauß,Franz Josef Strauß,csu,3
Amigo-Strauß,Franz Josef Strauß,vetternwirtschaft,1
Amigo-Strauß,Franz Josef Strauß,ministerpräsident,1
Amigo-Strauß,Franz Josef Strauß,amigo-affäre,1
Amigo-Strauß,Franz Josef Strauß,korruption,1
Amigo-Strauß,Franz Josef Strauß,früherer ministerpräsident bayern,1
Amigo-Strauß,Franz Josef Strauß,ehemaliger bayrischer ministerpräsident,1
Ampel-Söder,Markus Söder,wendehals,1
Ampel-Söder,Markus Söder,er arbeitet sich nur an der ampel ab,1
Ampel-Söder,Markus Söder,csu,1
Ampel-Söder,Markus Söder,csu-vorsitz,1
Ampel-Söder,Markus Söder,söder kritisiert nur die ampel obwohl die cdu/csu an vielen themen im lande schuld ist.,1
Ampel-Söder,Markus Söder,gegen die ampel,1
Ampel-Söder,Markus Söder,bayern,1
Ampel-Söder,Markus Söder,überheblich,1
Apartheid-Gabriel,Sigmar Gabriel,niedersachsen,2
Apartheid-Gabriel,Sigmar Gabriel,spd-politiker,1
Apartheid-Gabriel,Sigmar Gabriel,rechts,1
Apartheid-Gabriel,Sigmar Gabriel,spd,1
Armani-Schröder,Gerhard Schröder,bundeskanzler,4
Armani-Schröder,Gerhard Schröder,gerd-show,1
Armani-Schröder,Gerhard Schröder,piekfeiner kanzler,1
Armani-Schröder,Gerhard Schröder,teure anzüge,1
Armani-Schröder,Gerhard Schröder,reich,1
Armani-Schröder,Gerhard Schröder,altkanzler,1
Armani-Schröder,Gerhard Schröder,politiker,1
Armani-Schröder,Gerhard Schröder,altbundeskanzler,1
Asyltourismus-Söder,Markus Söder,politik,2
Asyltourismus-Söder,Markus Söder,bayern,2
Asyltourismus-Söder,Markus Söder,cdu-politiker,1
Asyltourismus-Söder,Markus Söder,er macht manchmal politik gegen migranten,1
Asyltourismus-Söder,Markus Söder,rechts,1
Asyltourismus-Söder,Markus Söder,csu,1
Asyltourismus-Söder,Markus Söder,großes aufkommen von asylsuchenden 2020 und 2021,1
Atom-Greta,Greta Thunberg,klima,2
Atom-Greta,Greta Thunberg,verschwörung,1
Atom-Greta,Greta Thunberg,umwelt,1
Atom-Greta,Greta Thunberg,stark,1
Atom-Greta,Greta Thunberg,klimaaktivistin,1
Atom-Greta,Greta Thunberg,natur,1
Atom-Greta,Greta Thunberg,klimaschutz,1
Atom-Greta,Greta Thunberg,fridays for future,1
Atom-Greta,Greta Thunberg,atomkraft-support,1
Atom-Greta,Greta Thunberg,umweltaktivistin,1
Atom-Greta,Greta Thunberg,klimawandel,1
Atom-Merkel,Angela Merkel,bundeskanzlerin,2
Atom-Merkel,Angela Merkel,energiewende,1
Atom-Merkel,Angela Merkel,putin-nah,1
Atom-Merkel,Angela Merkel,mehr förderung der kohlekraftwerke als atomkraftwerke,1
Atom-Merkel,Angela Merkel,atomaustieg,1
Atom-Merkel,Angela Merkel,grüne energie,1
Atom-Merkel,Angela Merkel,atomausstieg nach fukushima-katastrophe,1
Atom-Merkel,Angela Merkel,verantwortlich für deutschen atomausstieg,1
Atom-Merkel,Angela Merkel,atom-ausstieg,1
Atom-Merkel,Angela Merkel,ex-bundeskanlerin,1
Atom-Merkel,Angela Merkel,mutti,1
Atom-Merkel,Angela Merkel,atomausstieg,1
Atom-Merkel,Angela Merkel,kanzlerin,1
Atom-Putin,Vladimir Putin,russland,2
Atom-Putin,Vladimir Putin,präsident,2
Atom-Putin,Vladimir Putin,bedrohung,1
Atom-Putin,Vladimir Putin,droht mit atom-krieg,1
Atom-Putin,Vladimir Putin,krieg,1
Atom-Putin,Vladimir Putin,atombomben,1
Atom-Putin,Vladimir Putin,invasion der ukraine,1
Atom-Putin,Vladimir Putin,drohte mit atom-bombe,1
Atom-Putin,Vladimir Putin,diktator,1
Atom-Putin,Vladimir Putin,eine nuklear-schlag-drohung nach der anderen,1
Atom-Putin,Vladimir Putin,uran aus russland,1
Atom-Putin,Vladimir Putin,ukraine-krieg,1
Audi-Andi,Andreas Scheuer,autobahnmaut,1
Audi-Andi,Andreas Scheuer,korruption,1
Audi-Andi,Andreas Scheuer,verkehrsminister,1
Audi-Andi,Andreas Scheuer,eitelkeit,1
Audi-Andi,Andreas Scheuer,maut,1
Audi-Andi,Andreas Scheuer,informell,1
Aufschrei-Brüderle,Rainer Brüderle,#aufschrei,1
Aufschrei-Brüderle,Rainer Brüderle,mögliche verbindung zu öffentlichen kontroversen,1
Augustus-Amthor,Philipp Amthor,ein 2. vorname,1
Augustus-Amthor,Philipp Amthor,aktien,1
Augustus-Amthor,Philipp Amthor,affäre,1
Augustus-Amthor,Philipp Amthor,es gab einen skandal als er für dies augustus-firma werbung gemacht hat,1
Augustus-Amthor,Philipp Amthor,jung,1
Augustus-Amthor,Philipp Amthor,unreif,1
Augustus-Amthor,Philipp Amthor,cdu-witzfigur,1
BVB-Brandt,Julian Brandt,fußballspieler,3
BVB-Brandt,Julian Brandt,fußball,1
BVB-Brandt,Julian Brandt,blond,1
BVB-Brandt,Julian Brandt,bvb,1
Banken-Steinbrück,Peer Steinbrück,enge kontakte zu banken,1
Banken-Steinbrück,Peer Steinbrück,spd-politiker,1
Banken-Steinbrück,Peer Steinbrück,auch sehr wirtschaftsnah,1
Banken-Steinbrück,Peer Steinbrück,ing,1
Banken-Steinbrück,Peer Steinbrück,bankhilfe,1
Banken-Steinbrück,Peer Steinbrück,kavallerie,1
Banken-Steinbrück,Peer Steinbrück,spd,1
Banken-Steinbrück,Peer Steinbrück,katastrophenaktie,1
Bienen-Söder,Markus Söder,csu,2
Bienen-Söder,Markus Söder,bayern,2
Bienen-Söder,Markus Söder,aggressiv,1
Bienen-Söder,Markus Söder,poltiker,1
Bierdeckel-Merz,Friedrich Merz,politiker,1
Bierdeckel-Merz,Friedrich Merz,guter gedanke,1
Bierdeckel-Merz,Friedrich Merz,er wollte dass die steuereklärung auf einen bierdeckel passt,1
Bierdeckel-Merz,Friedrich Merz,steuervereinfachung,1
Bierdeckel-Merz,Friedrich Merz,steuerklärung,1
Bierdeckel-Merz,Friedrich Merz,mehr belastungen,1
Bierdeckel-Merz,Friedrich Merz,cdu,1
Bierdeckel-Merz,Friedrich Merz,alter mann,1
Bierdeckel-Merz,Friedrich Merz,cdu-vorsitzender,1
Bierzelt-Söder,Markus Söder,bayern,4
Bierzelt-Söder,Markus Söder,oktoberfest,2
Bierzelt-Söder,Markus Söder,politik,1
Bierzelt-Söder,Markus Söder,alkoholiker,1
Bierzelt-Söder,Markus Söder,man weiß dass er gerne öfters bier trinkt,1
Bierzelt-Söder,Markus Söder,cdu-politiker,1
Bierzelt-Söder,Markus Söder,weil er aus bayern kommt,1
Bierzelt-Söder,Markus Söder,politiker,1
Bierzelt-Söder,Markus Söder,csu,1
Bierzelt-Söder,Markus Söder,ministerpräsident bayern,1
Bimbes-Kohl,Helmut Kohl,cdu,2
Bimbes-Kohl,Helmut Kohl,stottern,1
Bimbes-Kohl,Helmut Kohl,spendenaffäre,1
Bimbes-Kohl,Helmut Kohl,kanzler,1
Bimbes-Kohl,Helmut Kohl,ex-bundeskanzler,1
Bimbes-Kohl,Helmut Kohl,saumagen,1
Bimbes-Kohl,Helmut Kohl,ehemaliger bundeskanzler,1
Bimbes-Kohl,Helmut Kohl,spendeaffäre,1
Bimbes-Schäuble,Wolfgang Schäuble,cdu,3
Bimbes-Schäuble,Wolfgang Schäuble,parteispendenaffäre,1
Bimbes-Schäuble,Wolfgang Schäuble,alte schule,1
Bimbes-Schäuble,Wolfgang Schäuble,rollstuhl,1
Bimbes-Schäuble,Wolfgang Schäuble,spendenaffäre helmut kohl,1
Bimbes-Schäuble,Wolfgang Schäuble,ehemaliger cdu politiker,1
Bimbes-Schäuble,Wolfgang Schäuble,ehemaliger bundestags-präsident,1
BlackRock-Merz,Friedrich Merz,cdu,3
BlackRock-Merz,Friedrich Merz,reich,2
BlackRock-Merz,Friedrich Merz,weil er dort vielleicht einen aufsichtsratposten hat,1
BlackRock-Merz,Friedrich Merz,raffgierig,1
BlackRock-Merz,Friedrich Merz,politiker,1
BlackRock-Merz,Friedrich Merz,management blackrock,1
BlackRock-Merz,Friedrich Merz,privatflugzeug,1
BlackRock-Merz,Friedrich Merz,teilnehmer einer der reichsten investmentfirmen in der welt,1
Bomb-Obama,Barack Obama,krieg,1
Bomb-Obama,Barack Obama,lügen,1
Bomb-Obama,Barack Obama,ehemaliger us-präsident,1
Bomb-Obama,Barack Obama,bombe,1
Bomb-Obama,Barack Obama,us-präsident,1
Bomb-Obama,Barack Obama,syrien,1
Bomb-Obama,Barack Obama,drohnenkrieg,1
Bomben-Fischer,Joschka Fischer,joschi,1
Bomben-Fischer,Joschka Fischer,kosovokrieg,1
Bomben-Fischer,Joschka Fischer,grüner politiker,1
Bomben-Fischer,Joschka Fischer,weil er im kosovokrieg für einen militäreinsatz war,1
Bomben-Fischer,Joschka Fischer,außenminister,1
Bonusmeilen-Özdemir,Cem Özdemir,grüne,2
Bonusmeilen-Özdemir,Cem Özdemir,privatflüge,1
Bonusmeilen-Özdemir,Cem Özdemir,fundamentalistisch,1
Bonusmeilen-Özdemir,Cem Özdemir,lufthansa,1
Bonusmeilen-Özdemir,Cem Özdemir,grün,1
Bonusmeilen-Özdemir,Cem Özdemir,agrarminister,1
Bonusmeilen-Özdemir,Cem Özdemir,dienstliche bonusmeilen privat genutzt,1
Bonusmeilen-Özdemir,Cem Özdemir,durch lufthansabonusmeilen-affäre medial bekannt,1
Bonusmeilen-Özdemir,Cem Özdemir,grüner,1
Bonusmeilen-Özdemir,Cem Özdemir,bündnis 90/grüne,1
Bratwurst-Bobic,Fredi Bobic,hertha,1
Bratwurst-Bobic,Fredi Bobic,ex-fußball-profi,1
Bratwurst-Bobic,Fredi Bobic,interview,1
Brioni-Schröder,Gerhard Schröder,gerdshow,1
Brioni-Schröder,Gerhard Schröder,altkanzler,1
Brioni-Schröder,Gerhard Schröder,bundeskanzler,1
Burda-Spahn,Jens Spahn,korruption,2
Burda-Spahn,Jens Spahn,corona,2
Burda-Spahn,Jens Spahn,cdu,2
Burda-Spahn,Jens Spahn,eigensinnig,1
Burda-Spahn,Jens Spahn,gesundheitsminister,1
Burda-Spahn,Jens Spahn,gesundheitspolitik,1
Burda-Spahn,Jens Spahn,früherer gesundheitsminister,1
Burda-Spahn,Jens Spahn,cdu-mitglied,1
Bätschi-Nahles,Andrea Nahles,politik,1
Bätschi-Nahles,Andrea Nahles,pippi-langstrumpf,1
Bätschi-Nahles,Andrea Nahles,politische persönlichkeit,1
CDU-Laschet,Armin Laschet,kanzlerkandidat,3
CDU-Laschet,Armin Laschet,politiker,3
CDU-Laschet,Armin Laschet,nrw,1
CDU-Laschet,Armin Laschet,fast bundeskanzler,1
CDU-Laschet,Armin Laschet,cdu,1
CDU-Laschet,Armin Laschet,ist ministerpräsident,1
CDU-Laschet,Armin Laschet,nordrhein-westfalen,1
CDU-Laschet,Armin Laschet,kanzlerkanditat,1
CDU-Laschet,Armin Laschet,blaß,1
CDU-Scholz,Olaf Scholz,spd,2
CDU-Scholz,Olaf Scholz,konservativer politischer kurs,1
CDU-Scholz,Olaf Scholz,nordisch,1
CDU-Scholz,Olaf Scholz,bundeskanzler,1
CDU-Scholz,Olaf Scholz,olaf schäuble,1
CDU-Scholz,Olaf Scholz,deutscher bundeskanzler,1
CDU-Scholz,Olaf Scholz,deutscher kanzler,1
CDU-Scholz,Olaf Scholz,nicht-anwesender bundeskanzler,1
Change-Obama,Barack Obama,aufregend,1
Change-Obama,Barack Obama,veränderung,1
Change-Obama,Barack Obama,yes we can,1
Change-Obama,Barack Obama,zitat,1
Change-Obama,Barack Obama,politischer wandel,1
Change-Obama,Barack Obama,politiker,1
Change-Obama,Barack Obama,reformen,1
Change-Obama,Barack Obama,"wahlkampfmotto ""change we can believe in""",1
Change-Obama,Barack Obama,be the change,1
Crush-Ramelow,Bodo Ramelow,er spielte mal candy crush im landtag,1
Crush-Ramelow,Bodo Ramelow,candy crush,1
Crush-Ramelow,Bodo Ramelow,handyspiele,1
Crush-Ramelow,Bodo Ramelow,bundeswehr,1
Crush-Ramelow,Bodo Ramelow,ministerpräsident thüringen,1
Dahlem-Spahn,Jens Spahn,reich,1
Dahlem-Spahn,Jens Spahn,wohnort,1
Dahlem-Spahn,Jens Spahn,immobilienaffäre,1
Dahlem-Spahn,Jens Spahn,cdu,1
Dahlem-Spahn,Jens Spahn,umzug,1
Dahlem-Spahn,Jens Spahn,viertel,1
Demenz-Scholz,Olaf Scholz,bundeskanzler,4
Demenz-Scholz,Olaf Scholz,vergesslich,2
Demenz-Scholz,Olaf Scholz,vergesslichkeit,2
Demenz-Scholz,Olaf Scholz,interview-scheu,1
Demenz-Scholz,Olaf Scholz,cum-ex-affäre,1
Demenz-Scholz,Olaf Scholz,spd,1
Demenz-Scholz,Olaf Scholz,steuerhinterziehung,1
Demenz-Scholz,Olaf Scholz,wirecard,1
Demenz-Scholz,Olaf Scholz,kanzler,1
Diesel-Dobrindt,Alexander Dobrindt,verkehrsminister,1
Diesel-Dobrindt,Alexander Dobrindt,steuern,1
Diesel-Dobrindt,Alexander Dobrindt,skandal,1
Diesel-Dobrindt,Alexander Dobrindt,ehemaliger bundesverkehrsminister,1
Diesel-Scheuer,Andreas Scheuer,lobbyismus,1
Diesel-Scheuer,Andreas Scheuer,kurzsichtig,1
Diesel-Scheuer,Andreas Scheuer,verkehrsminister,1
Diesel-Scheuer,Andreas Scheuer,csu,1
Diesel-Scheuer,Andreas Scheuer,verkehrminister,1
Diesel-Scheuer,Andreas Scheuer,kritisch,1
Diesel-Scheuer,Andreas Scheuer,fahrverbote,1
Dinner-Spahn,Jens Spahn,cdu,2
Dinner-Spahn,Jens Spahn,isst viel,1
Dinner-Spahn,Jens Spahn,cdu-politiker,1
Dinner-Spahn,Jens Spahn,er geht gerne essen,1
Dinner-Spahn,Jens Spahn,bestechlich,1
Dinner-Spahn,Jens Spahn,haufen kohle,1
Dinner-Spahn,Jens Spahn,corona,1
Dinner-Spahn,Jens Spahn,ehemaliger gesundheitsminister,1
Dirndl-Brüderle,Rainer Brüderle,chauvinist,1
Dirndl-Brüderle,Rainer Brüderle,brüste,1
Dirndl-Brüderle,Rainer Brüderle,fdp,1
Dirndl-Brüderle,Rainer Brüderle,ehemaliger landwirtschaftsminister,1
Doktor-Giffey,Franziska Giffey,berlin,2
Doktor-Giffey,Franziska Giffey,cdu-politikerin,1
Doktor-Giffey,Franziska Giffey,plagiate,1
Doktor-Giffey,Franziska Giffey,plagiat,1
Doktor-Giffey,Franziska Giffey,neukölln,1
Doktor-Giffey,Franziska Giffey,ehemalige oberbürgermeisterin von berlin,1
Dosen-Trittin,Jürgen Trittin,hat etwas mit dem dosenpfand zu tun,1
Dosen-Trittin,Jürgen Trittin,politiker?,1
Dosen-Trittin,Jürgen Trittin,grüne,1
Dosen-Trittin,Jürgen Trittin,dosenpfand,1
Dosen-Trittin,Jürgen Trittin,die grünen,1
Dosen-Trittin,Jürgen Trittin,grüne partei,1
Drogen-Beck,Volker Beck,politiker,2
Drogen-Beck,Volker Beck,mögliche verbindung zu drogenpolitik,1
Drohnenkrieg-Obama,Barack Obama,ex-us-präsident,2
Drohnenkrieg-Obama,Barack Obama,usa,2
Drohnenkrieg-Obama,Barack Obama,politik,1
Drohnenkrieg-Obama,Barack Obama,führt kriege,1
Drohnenkrieg-Obama,Barack Obama,dass in den kriegen viele mit drohnen gekämpft wurden,1
Drohnenkrieg-Obama,Barack Obama,demokratischer präsident der usa vor trump,1
Drohnenkrieg-Obama,Barack Obama,hat bin laden erschießen lassen,1
Drohnenkrieg-Obama,Barack Obama,präsident,1
Drohnenkrieg-Obama,Barack Obama,irak,1
Drohnenkrieg-Obama,Barack Obama,bin laden,1
Drohnenkrieg-Obama,Barack Obama,ehemaiger präsident von usa,1
EM-Schweinsteiger,Bastian Schweinsteiger,fußballer,3
EM-Schweinsteiger,Bastian Schweinsteiger,schweini,1
EM-Schweinsteiger,Bastian Schweinsteiger,fußball,1
EM-Schweinsteiger,Bastian Schweinsteiger,mittelfeldspieler,1
EM-Schweinsteiger,Bastian Schweinsteiger,war oft das gesicht der dbf-elf zur wm,1
EM-Schweinsteiger,Bastian Schweinsteiger,sprint,1
Ehrenwort-Kohl,Helmut Kohl,cdu,3
Ehrenwort-Kohl,Helmut Kohl,bundeskanzler,2
Ehrenwort-Kohl,Helmut Kohl,integrität,1
Ehrenwort-Kohl,Helmut Kohl,legende,1
Ehrenwort-Kohl,Helmut Kohl,kanzler der einheiht,1
Ehrenwort-Kohl,Helmut Kohl,korruption,1
Ehrenwort-Kohl,Helmut Kohl,früherer bundeskanzler,1
Ehrenwort-Kohl,Helmut Kohl,ehemaliger kanzler,1
Ehrenwort-Kohl,Helmut Kohl,ehemaliger bundeskanzler,1
Enteignungs-Kühnert,Kevin Kühnert,spd,5
Enteignungs-Kühnert,Kevin Kühnert,wohnungsmangel,1
Enteignungs-Kühnert,Kevin Kühnert,unseriös,1
Enteignungs-Kühnert,Kevin Kühnert,wohneigentum,1
Enteignungs-Kühnert,Kevin Kühnert,grünen-politiker,1
Enteignungs-Kühnert,Kevin Kühnert,spd politiker,1
Enteignungs-Kühnert,Kevin Kühnert,vorschlag zur enteignung von großkonzernen,1
FDP-Kubicki,Wolfgang Kubicki,fdp,3
FDP-Kubicki,Wolfgang Kubicki,christian lindner,1
FDP-Kubicki,Wolfgang Kubicki,liberale partei,1
FDP-Kubicki,Wolfgang Kubicki,prominenter politiker der fdp,1
FDP-Lindner,Christian Lindner,finanzminister,2
FDP-Lindner,Christian Lindner,wendehals,1
FDP-Lindner,Christian Lindner,parteivorsitzender,1
FDP-Lindner,Christian Lindner,fdp-politiker,1
FDP-Lindner,Christian Lindner,liberal,1
FDP-Lindner,Christian Lindner,politiker,1
FDP-Lindner,Christian Lindner,politiker der fdp,1
FDP-Lindner,Christian Lindner,ist seine partei,1
FDP-Lindner,Christian Lindner,redet alles besser,1
FDP-Lindner,Christian Lindner,schnösel,1
FDP-Lindner,Christian Lindner,eingebildet,1
FDP-Lindner,Christian Lindner,ekelpaket,1
FFP2-Söder,Markus Söder,corona,2
FFP2-Söder,Markus Söder,wendehals,1
FFP2-Söder,Markus Söder,trug gerne ffp2 masken,1
FFP2-Söder,Markus Söder,unüberlegt,1
FFP2-Söder,Markus Söder,coronapandemie,1
FFP2-Söder,Markus Söder,ffp2-pflicht,1
FFP2-Söder,Markus Söder,corona-masken,1
FFP2-Söder,Markus Söder,csu,1
FFP2-Söder,Markus Söder,ministerpräsident,1
FFP2-Söder,Markus Söder,war ein eklatanter befürworter der ffp2-masken,1
FFP2-Söder,Markus Söder,maskenpflicht,1
FFP2-Söder,Markus Söder,maskenskandal,1
FFP2-Söder,Markus Söder,übergriffig,1
FFP2-Söder,Markus Söder,ministerpräsident bayern,1
FPÖ-Strache,Heinz-Christian Strache,österreich,2
FPÖ-Strache,Heinz-Christian Strache,österreichischer politiker,1
FPÖ-Strache,Heinz-Christian Strache,mallorca,1
Facebook-Seehofer,Horst Seehofer,bayern,1
Facebook-Seehofer,Horst Seehofer,cdu,1
Facebook-Seehofer,Horst Seehofer,wollte mehr kontrolle haben in den sozialen medien,1
Facebook-Seehofer,Horst Seehofer,politiker,1
Ferkel-Merkel,Angela Merkel,kanzlerin,2
Ferkel-Merkel,Angela Merkel,lustig,1
Ferkel-Merkel,Angela Merkel,lügnerin,1
Ferkel-Merkel,Angela Merkel,frühere bundeskanzlerin,1
Ferkel-Merkel,Angela Merkel,bundeskanzlerin,1
Ferkel-Merkel,Angela Merkel,verhält sich wie ein schwein,1
Ferkel-Merkel,Angela Merkel,fett,1
Ferkel-Merkel,Angela Merkel,ernst,1
Ferkel-Merkel,Angela Merkel,wikipedia-witz,1
Flexi-Merkel,Angela Merkel,bundeskanzlerin,2
Flexi-Merkel,Angela Merkel,inkonsistent,1
Flexi-Merkel,Angela Merkel,flexibel,1
Flexi-Merkel,Angela Merkel,cdu,1
Flexi-Merkel,Angela Merkel,zentristisch,1
Flüchtlings-Merkel,Angela Merkel,cdu,3
Flüchtlings-Merkel,Angela Merkel,flüchtlingskrise,2
Flüchtlings-Merkel,Angela Merkel,2015,2
Flüchtlings-Merkel,Angela Merkel,mama merkel,1
Flüchtlings-Merkel,Angela Merkel,bundeskanzlerin,1
Flüchtlings-Merkel,Angela Merkel,sogenannte flüchtlingskrise 2015,1
Flüchtlings-Merkel,Angela Merkel,2015 politik der offenen grenzen,1
Flüchtlings-Merkel,Angela Merkel,unruhen,1
Flüchtlings-Merkel,Angela Merkel,frühere deutsche bundeskanzlerin,1
Flüchtlings-Merkel,Angela Merkel,ehemalige deutsche kanzlerin,1
Flüchtlings-Merkel,Angela Merkel,ehemalige bundeskanzlerin,1
Folter-Bush,George Bush,guantanamo,2
Folter-Bush,George Bush,kriegstreiber,1
Folter-Bush,George Bush,ehemaliger us-präsident,1
Folter-Bush,George Bush,weil bush in guantanamo unschuldige foltern ließ,1
Folter-Bush,George Bush,wusste bescheid,1
Folter-Bush,George Bush,9/11,1
Folter-Bush,George Bush,amerika,1
Folter-Bush,George Bush,ehemaliger präsident usa,1
Fukushima-Merkel,Angela Merkel,bundeskanzlerin,2
Fukushima-Merkel,Angela Merkel,japan,2
Fukushima-Merkel,Angela Merkel,wendehals,1
Fukushima-Merkel,Angela Merkel,fukushima-katastrophe,1
Fukushima-Merkel,Angela Merkel,hinterläßt verwüstung,1
Fukushima-Merkel,Angela Merkel,frühere kanzlerin,1
Fukushima-Merkel,Angela Merkel,hilfsbereit,1
Fukushima-Merkel,Angela Merkel,kernkraftausstieg,1
G20-Scholz,Olaf Scholz,spd,2
G20-Scholz,Olaf Scholz,hamburg,2
G20-Scholz,Olaf Scholz,gipfeltreffen,1
G20-Scholz,Olaf Scholz,unkommunikativ,1
G20-Scholz,Olaf Scholz,bundeskanzler,1
G20-Scholz,Olaf Scholz,umgang mit den g20-gegner_innen,1
G20-Scholz,Olaf Scholz,deutscher bundeskanzler,1
G20-Scholz,Olaf Scholz,deutscher kanzler,1
G20-Scholz,Olaf Scholz,g20 gipfel in indien,1
G20-Scholz,Olaf Scholz,augenklappe,1
Gas-Putin,Vladimir Putin,russland,2
Gas-Putin,Vladimir Putin,staatsoberhaupt russland,2
Gas-Putin,Vladimir Putin,krieg,2
Gas-Putin,Vladimir Putin,handelt mit gas,1
Gas-Putin,Vladimir Putin,wir waren von russland abhängig bezüglich gaslieferungen,1
Gas-Putin,Vladimir Putin,erpresser,1
Gas-Putin,Vladimir Putin,korruption,1
Gas-Putin,Vladimir Putin,eiskalte augen,1
Gas-Putin,Vladimir Putin,regierungsoberhaupt russland,1
Gas-Schröder,Gerhard Schröder,bundeskanzler,2
Gas-Schröder,Gerhard Schröder,machte gas-deals mit den russen,1
Gas-Schröder,Gerhard Schröder,russlandgas,1
Gas-Schröder,Gerhard Schröder,rudsslandfreund,1
Gas-Schröder,Gerhard Schröder,russland,1
Gas-Schröder,Gerhard Schröder,gazprom,1
Gas-Schröder,Gerhard Schröder,ehemaliger bundeskanzler,1
Gas-Schröder,Gerhard Schröder,kanzler,1
Gas-Schröder,Gerhard Schröder,auf die vernetzung zu gazprom,1
Gas-Schröder,Gerhard Schröder,putin,1
Gas-Schröder,Gerhard Schröder,alt,1
Gas-Schröder,Gerhard Schröder,medienkampagne,1
Gazprom-Schröder,Gerhard Schröder,spd,4
Gazprom-Schröder,Gerhard Schröder,bundeskanzler,2
Gazprom-Schröder,Gerhard Schröder,lobbyismus,1
Gazprom-Schröder,Gerhard Schröder,käuflich,1
Gazprom-Schröder,Gerhard Schröder,kungelei mit gazprom,1
Gazprom-Schröder,Gerhard Schröder,enge verbindungen nach russland,1
Gazprom-Schröder,Gerhard Schröder,bestechlich,1
Gazprom-Schröder,Gerhard Schröder,früherer deutscher bundeskanzler,1
Gazprom-Schröder,Gerhard Schröder,ehemaliger deutscher kanzler,1
Gazprom-Schröder,Gerhard Schröder,schröder,1
Gazprom-Schröder,Gerhard Schröder,pipeline,1
Gedächtnislücken-Scholz,Olaf Scholz,cum-ex-affäre,2
Gedächtnislücken-Scholz,Olaf Scholz,wirecard,1
Gedächtnislücken-Scholz,Olaf Scholz,spd,1
Gedächtnislücken-Scholz,Olaf Scholz,bundeskanzler,1
Gedächtnislücken-Scholz,Olaf Scholz,christian olearius,1
Gedächtnislücken-Scholz,Olaf Scholz,kritischer,1
Gedöns-Schröder,Gerhard Schröder,bundeskanzler,2
Gedöns-Schröder,Gerhard Schröder,ex-bundeskanzler,2
Gedöns-Schröder,Gerhard Schröder,familie und das ganze gedöns,1
Gedöns-Schröder,Gerhard Schröder,debil,1
Gedöns-Schröder,Gerhard Schröder,spd,1
Gedöns-Schröder,Gerhard Schröder,früherer bundeskanzler,1
Gedöns-Schröder,Gerhard Schröder,ehemaliger bundeskanzler in deutschland,1
Gedöns-Schröder,Gerhard Schröder,putin-freund,1
Geldkoffer-Schäuble,Wolfgang Schäuble,politiker,2
Geldkoffer-Schäuble,Wolfgang Schäuble,geldkoffer,1
Geldkoffer-Schäuble,Wolfgang Schäuble,cdu,1
Geldkoffer-Schäuble,Wolfgang Schäuble,schmiergeld,1
Geldkoffer-Schäuble,Wolfgang Schäuble,korruption,1
Geldkoffer-Schäuble,Wolfgang Schäuble,bestechung,1
Gigabyte-Özdemir,Cem Özdemir,türke,1
Gigabyte-Özdemir,Cem Özdemir,ahnungslos,1
Gigabyte-Özdemir,Cem Özdemir,agrarminister,1
Gigabyte-Özdemir,Cem Özdemir,gigawatt,1
Gigabyte-Özdemir,Cem Özdemir,politiker,1
Gigabyte-Özdemir,Cem Özdemir,grüne,1
Gigabyte-Özdemir,Cem Özdemir,jung,1
Gigabyte-Özdemir,Cem Özdemir,grün angehauchter politiker mit eingeschränktem wissen,1
Gold-Rosi,Rosi Mittermaier,ich glaube sie war ein star aus den sechzigern,1
Gold-Rosi,Rosi Mittermaier,skispringen,1
Gold-Rosi,Rosi Mittermaier,skifahren,1
Gold-Rosi,Rosi Mittermaier,spitzensportlerin,1
Gold-Rosi,Rosi Mittermaier,ski,1
Gold-Rosi,Rosi Mittermaier,olympia,1
Gold-Rosi,Rosi Mittermaier,skifahrerin,1
Gold-Rosi,Rosi Mittermaier,olympiasiegerin im skisport,1
Grünen-Habeck,Robert Habeck,wirtschaftsminister,2
Grünen-Habeck,Robert Habeck,zukunft,1
Grünen-Habeck,Robert Habeck,politische partei,1
Grünen-Habeck,Robert Habeck,parteimitglied die grünen,1
Grünen-Kretschmann,Winfried Kretschmann,ministerpräsident baden-württemberg,2
Grünen-Kretschmann,Winfried Kretschmann,ministerpräsident,2
Grünen-Kretschmann,Winfried Kretschmann,baden-württemberg,1
Grünen-Kretschmann,Winfried Kretschmann,grün,1
Grünen-Kretschmann,Winfried Kretschmann,erster grüner ministerpräsident,1
Grünen-Kretschmann,Winfried Kretschmann,grünen-politiker,1
Grünen-Kretschmann,Winfried Kretschmann,grüner,1
Gummistiefel-Schröder,Gerhard Schröder,kanzler,2
Gummistiefel-Schröder,Gerhard Schröder,flut,2
Gummistiefel-Schröder,Gerhard Schröder,trägt gummistiefel,1
Gummistiefel-Schröder,Gerhard Schröder,spd,1
Gummistiefel-Schröder,Gerhard Schröder,bürgernah,1
Gummistiefel-Schröder,Gerhard Schröder,ex-bundeskanzler,1
Gummistiefel-Schröder,Gerhard Schröder,flutkatastrophe,1
Gummistiefel-Schröder,Gerhard Schröder,ich will hier rein!,1
Gummistiefel-Schröder,Gerhard Schröder,besichtigung der hochwasserkatastrophe 2002,1
Gummistiefel-Schröder,Gerhard Schröder,hol mir eine flasche bier,1
Hanf-Özdemir,Cem Özdemir,politiker,2
Hanf-Özdemir,Cem Özdemir,balkonpflanze,1
Hanf-Özdemir,Cem Özdemir,grüne,1
Hanf-Özdemir,Cem Özdemir,setzte sich für die legalisierung von hanf in kleinen mengen ein,1
Hanf-Özdemir,Cem Özdemir,grün,1
Hanf-Özdemir,Cem Özdemir,ist für die einführung von cannabiskonsum,1
Hanf-Özdemir,Cem Özdemir,landwirtschaftsminister,1
Hanf-Özdemir,Cem Özdemir,legalisierung,1
Hanf-Özdemir,Cem Özdemir,hochrangiges grünen-mitglied,1
Hanf-Özdemir,Cem Özdemir,legalisierung von cannabis,1
Hanf-Özdemir,Cem Özdemir,hanf-legalisierung,1
Hartz-Schröder,Gerhard Schröder,agenda 2010,1
Hartz-Schröder,Gerhard Schröder,agenda 2000,1
Hartz-Schröder,Gerhard Schröder,bundeskanzler bei hartz 4-erschaffung,1
Hartz-Schröder,Gerhard Schröder,hartz iv,1
Hartz-Schröder,Gerhard Schröder,arbeitslosengeldreform,1
Hartz-Schröder,Gerhard Schröder,spd,1
Hartz-Schröder,Gerhard Schröder,hat hartz4 eingeführt,1
Hartz-Schröder,Gerhard Schröder,alter bundeskanzler,1
Hartz-Schröder,Gerhard Schröder,arme,1
Hartz-Schröder,Gerhard Schröder,ehemaliger bundeskanzler,1
Hartz-Schröder,Gerhard Schröder,kürzung des arbeitslosengeldes,1
Hartz-Schröder,Gerhard Schröder,bundeskanzler,1
Hartz-Schröder,Gerhard Schröder,ehemaliger kanzler,1
Hartz-Schröder,Gerhard Schröder,hartz-reformen,1
Hartz4-Schröder,Gerhard Schröder,fremdgehen,1
Hartz4-Schröder,Gerhard Schröder,hat an hartz4 gearbeitet,1
Hartz4-Schröder,Gerhard Schröder,unter schröder wurde hartz4 eingeführt es gab viel kritik daran,1
Hartz4-Schröder,Gerhard Schröder,spd-politiker hat hartz4-reform eingeführt,1
Hartz4-Schröder,Gerhard Schröder,hat das system eingeführt,1
Hartz4-Schröder,Gerhard Schröder,sozialhilfe,1
Hartz4-Schröder,Gerhard Schröder,kanzler,1
Hartz4-Schröder,Gerhard Schröder,hartz4 eingeführt,1
Hartz4-Schröder,Gerhard Schröder,einführung des hartz4-programms,1
Hartz4-Schröder,Gerhard Schröder,agenda 2010,1
Hartz4-Schröder,Gerhard Schröder,ich will hier rein!,1
Hartz4-Schröder,Gerhard Schröder,einführung des agl2-systems genannt hartziv nach dem erfinder hartz,1
Hartz4-Schröder,Gerhard Schröder,politiker,1
Hartz4-Schröder,Gerhard Schröder,bundesregierung,1
Helikopter-Kretschmann,Winfried Kretschmann,wandern,1
Helikopter-Kretschmann,Winfried Kretschmann,ministerpräsident baden-württemberg,1
Hummer-Lauterbach,Karl Lauterbach,gesundheitsminister,1
Hummer-Lauterbach,Karl Lauterbach,spd,1
Hummer-Lauterbach,Karl Lauterbach,möglicher bezug zu luxus oder besonderheiten,1
Hummer-Wagenknecht,Sahra Wagenknecht,die linke,1
Hummer-Wagenknecht,Sahra Wagenknecht,mögliche politische assoziationen,1
Immo-Spahn,Jens Spahn,politiker,2
Immo-Spahn,Jens Spahn,ehemaliger gesundheitsminister,2
Immo-Spahn,Jens Spahn,bereicherung,1
Immo-Spahn,Jens Spahn,corona,1
Immo-Spahn,Jens Spahn,immobilien,1
Immo-Spahn,Jens Spahn,politik,1
Immo-Spahn,Jens Spahn,ex-minister,1
Impf-Söder,Markus Söder,corona,2
Impf-Söder,Markus Söder,csu,2
Impf-Söder,Markus Söder,ministerpräsident,2
Impf-Söder,Markus Söder,covid 19,1
Impf-Söder,Markus Söder,wollte impfungen für alle,1
Impf-Söder,Markus Söder,corona-impfungen,1
Impf-Söder,Markus Söder,bayern,1
Impf-Söder,Markus Söder,impfpflicht bei corona,1
Impf-Söder,Markus Söder,politiker,1
Inzucht-Schäuble,Wolfgang Schäuble,politiker,1
Inzucht-Schäuble,Wolfgang Schäuble,flüchtlinge,1
Islam-Merkel,Angela Merkel,flüchtlingskrise,2
Islam-Merkel,Angela Merkel,angela merkel,1
Islam-Merkel,Angela Merkel,merkel wird vorgeworfen besonders menschen aus muslimischen ländern nach deutschland zu holen,1
Islam-Merkel,Angela Merkel,einwanderung,1
Islam-Merkel,Angela Merkel,cdu,1
Islam-Merkel,Angela Merkel,hat viele flüchtlinge aufgenommen,1
Islam-Merkel,Angela Merkel,flüchtlinge,1
Islam-Merkel,Angela Merkel,"""der islam gehört zu deutschland""",1
Islam-Merkel,Angela Merkel,bundeskanzlerin,1
Katastrophen-Spahn,Jens Spahn,corona,2
Katastrophen-Spahn,Jens Spahn,aggresiv,1
Katastrophen-Spahn,Jens Spahn,gesundheitspolitik,1
Katastrophen-Spahn,Jens Spahn,cdu,1
Katastrophen-Spahn,Jens Spahn,gesundheitsminister,1
Katastrophen-Spahn,Jens Spahn,sarkastisch,1
Katastrophen-Spahn,Jens Spahn,minister,1
Katastrophen-Spahn,Jens Spahn,pandemien,1
Kernkraft-Merkel,Angela Merkel,energiewende,2
Kernkraft-Merkel,Angela Merkel,der spitzname könnte darauf hinweisen dass merkel für ihre rolle bei der entscheidung zum ausstieg aus der kernenergie kritisiert wird oder dass dies eine prägende eigenschaft ihrer politischen agenda ist,1
Kernkraft-Merkel,Angela Merkel,innovativ,1
Kernkraft-Merkel,Angela Merkel,ehemalige bundeskanzlerin,1
Kernkraft-Merkel,Angela Merkel,atomausstieg,1
Kernkraft-Merkel,Angela Merkel,energiepolitik,1
Kernkraft-Merkel,Angela Merkel,verlängerung des ausstiegs aus der atomkraft,1
Kernkraft-Merkel,Angela Merkel,unterstützung für die kernkraft als energiequelle während ihrer amtszeit als bundeskanzlerin,1
Kernkraft-Merkel,Angela Merkel,atomkatastrophe von fukushima,1
Kernkraft-Söder,Markus Söder,politik,1
Kernkraft-Söder,Markus Söder,befürworter der kernkraft,1
Kernkraft-Söder,Markus Söder,bayrischer landeschef,1
Kernkraft-Söder,Markus Söder,vielleicht weil er dem klimawende nicht allzu positiv gegenüber steht,1
Kernkraft-Söder,Markus Söder,atomkraft,1
Kernkraft-Söder,Markus Söder,csu,1
Kernkraft-Söder,Markus Söder,kernkraft-verteidiger,1
Kernkraft-Söder,Markus Söder,bayern,1
Kernkraft-Söder,Markus Söder,früher gegen kernkraft heute dafür kopfschütteln,1
Kernkraft-Söder,Markus Söder,ist für die fortsetzung der kernkraftwerke,1
Kernkraft-Söder,Markus Söder,atomenergie,1
Kiffer-Künast,Renate Künast,grüne,3
Kiffer-Künast,Renate Künast,cannabis-legalisierung,2
Kiffer-Künast,Renate Künast,drogenpolitik,1
Kiffer-Künast,Renate Künast,unrealistisch,1
Kiffer-Künast,Renate Künast,grün,1
Kiffer-Künast,Renate Künast,grünen-politikerin,1
Kiffer-Künast,Renate Künast,politikerin der grünen,1
Kiffer-Künast,Renate Künast,legalisierung,1
Kiffer-Lindner,Christian Lindner,fdp,3
Kiffer-Lindner,Christian Lindner,setzte sich für die legalisierung von geringen mengen an drogen zum kiffen ein,1
Kiffer-Lindner,Christian Lindner,unterstützung,1
Kiffer-Lindner,Christian Lindner,ist fürs kiffen,1
Kiffer-Lindner,Christian Lindner,legalisierung,1
Kiffer-Lindner,Christian Lindner,politiker,1
Kiffer-Lindner,Christian Lindner,hanf-legalisierung,1
Kindergarten-Klopp,Jürgen Klopp,fußballtrainer,2
Kindergarten-Klopp,Jürgen Klopp,vater,1
Kindergarten-Klopp,Jürgen Klopp,vielleicht auf seine lebendige und enthusiastische art bezogen,1
Kindergarten-Klopp,Jürgen Klopp,fußball,1
Kittel-Laschet,Armin Laschet,politiker,1
Kittel-Laschet,Armin Laschet,korrupt,1
Kittel-Laschet,Armin Laschet,kandidat,1
Kittel-Laschet,Armin Laschet,flut,1
Kittel-Laschet,Armin Laschet,cdu,1
Kittel-Laschet,Armin Laschet,schutzkittel aus tunesien,1
Kittel-Laschet,Armin Laschet,schutzkittel,1
Klima-Gretl,Greta Thunberg,fridays for future,4
Klima-Gretl,Greta Thunberg,schulstreik,2
Klima-Gretl,Greta Thunberg,klimaaktivistin,2
Klima-Gretl,Greta Thunberg,umweltaktivistin,1
Klima-Gretl,Greta Thunberg,jugend,1
Klima-Gretl,Greta Thunberg,umweltproteste,1
Klima-Gretl,Greta Thunberg,friday for future,1
Klima-Gretl,Greta Thunberg,bevormundend,1
Knast-Hoeneß,Uli Hoeneß,steuerhinterziehung,6
Knast-Hoeneß,Uli Hoeneß,knacki,1
Knast-Hoeneß,Uli Hoeneß,steuerbetrüger,1
Knast-Hoeneß,Uli Hoeneß,fc bayern,1
Knast-Hoeneß,Uli Hoeneß,weil er für eine steuerhinterziehung in den knast musste,1
Knast-Hoeneß,Uli Hoeneß,steuern,1
Knast-Hoeneß,Uli Hoeneß,ehemaliger fußballspieler,1
Kneipen-Kubicki,Wolfgang Kubicki,alkoholismus,1
Kneipen-Kubicki,Wolfgang Kubicki,gesellig,1
Kneipen-Kubicki,Wolfgang Kubicki,streitbar,1
Kneipen-Kubicki,Wolfgang Kubicki,fdp,1
Kneipen-Kubicki,Wolfgang Kubicki,corona,1
Kneipen-Kubicki,Wolfgang Kubicki,informell,1
Kneipen-Kubicki,Wolfgang Kubicki,pandemie,1
Kneipen-Kubicki,Wolfgang Kubicki,kneipen-besuche,1
Kniffel-Armin,Armin Laschet,nrw,1
Kniffel-Armin,Armin Laschet,cdu,1
Kniffel-Armin,Armin Laschet,kleiner mann,1
Kniffel-Armin,Armin Laschet,union,1
Kniffel-Armin,Armin Laschet,politiker,1
Kniffel-Armin,Armin Laschet,blass,1
Koffer-Schäuble,Wolfgang Schäuble,cdu,3
Koffer-Schäuble,Wolfgang Schäuble,finanzminister,1
Koffer-Schäuble,Wolfgang Schäuble,spendenskandal,1
Koffer-Schäuble,Wolfgang Schäuble,korruption,1
Koffer-Schäuble,Wolfgang Schäuble,cdu-politiker,1
Koffer-Schäuble,Wolfgang Schäuble,ex-wirtschaftsminister,1
Koffer-Schäuble,Wolfgang Schäuble,ehemaliger finanzminister schäuble hat bargeld in koffer empfangen,1
Koffer-Schäuble,Wolfgang Schäuble,spendenaffäre,1
Kohle-Laschet,Armin Laschet,mein vater war bergmann,1
Kohle-Laschet,Armin Laschet,kanzlerkandidat cdu,1
Kohle-Laschet,Armin Laschet,kohlepolitik,1
Kohle-Laschet,Armin Laschet,cdu,1
Kohle-Laschet,Armin Laschet,energiepolitisch,1
Kohle-Laschet,Armin Laschet,kohleenergie,1
Kohle-Laschet,Armin Laschet,kohleausstieg,1
Kohle-Laschet,Armin Laschet,kohle-lobby,1
Kosovo-Schröder,Gerhard Schröder,spd,2
Kosovo-Schröder,Gerhard Schröder,beteiligung am kosovo-krieg,1
Kosovo-Schröder,Gerhard Schröder,kosovo-krieg,1
Kosovo-Schröder,Gerhard Schröder,deutsche soldaten in kosovo,1
Kosovo-Schröder,Gerhard Schröder,früherer bundeskanzler,1
Kosovo-Schröder,Gerhard Schröder,ehemaliger deutscher kanzler,1
Kosovo-Schröder,Gerhard Schröder,ehemaliger bundeskanzler,1
Kosovo-Schröder,Gerhard Schröder,militär,1
Kriegs-Obama,Barack Obama,drohnen,2
Kriegs-Obama,Barack Obama,usa,2
Kriegs-Obama,Barack Obama,präsident,2
Kriegs-Obama,Barack Obama,anfänge von krieg,1
Kriegs-Obama,Barack Obama,musste noch den irak-krieg und afganistan mitmachen,1
Kriegs-Obama,Barack Obama,ehemaliger us-präsident,1
Kriegs-Obama,Barack Obama,bombardierung,1
Kriegs-Obama,Barack Obama,ehemaliger präsident,1
Langstrumpf-Nahles,Andrea Nahles,spd,3
Langstrumpf-Nahles,Andrea Nahles,pippi langstrumpf im bundestag,1
Langstrumpf-Nahles,Andrea Nahles,ungebildet,1
Langstrumpf-Nahles,Andrea Nahles,generalsekretärin spd,1
Langstrumpf-Nahles,Andrea Nahles,spd-generalsekretärin,1
Langstrumpf-Nahles,Andrea Nahles,ehemalige spd-vorsitzende,1
Langstrumpf-Nahles,Andrea Nahles,bundesministerin,1
Lipobay-Lauterbach,Karl Lauterbach,gesundheitsminister,2
Lipobay-Lauterbach,Karl Lauterbach,kirrer karl aus köln,1
Lipobay-Lauterbach,Karl Lauterbach,studie,1
Lipobay-Lauterbach,Karl Lauterbach,skandal,1
Lipobay-Lauterbach,Karl Lauterbach,ging um ein medikament,1
Lipobay-Lauterbach,Karl Lauterbach,gesundheit,1
Lipobay-Lauterbach,Karl Lauterbach,bundesgesundheitsminister,1
Lobby-Merkel,Angela Merkel,kanzlerin,2
Lobby-Merkel,Angela Merkel,dass sie vor allem auf die lobbisten gehört hat,1
Lobby-Merkel,Angela Merkel,cdu-kanzlerin für 16 jahre,1
Lobby-Merkel,Angela Merkel,sie hatte gute beziehungen zur wirtschaft,1
Lobby-Merkel,Angela Merkel,lobbypolitik,1
Lobby-Merkel,Angela Merkel,ex-bundeskanzlerin,1
Lobby-Merkel,Angela Merkel,sie kennen mich,1
Lobby-Merkel,Angela Merkel,altkanzlerin,1
Lobby-Merkel,Angela Merkel,bundeskanzlerin,1
Lobby-Merkel,Angela Merkel,mutti,1
Lockdown-Lauterbach,Karl Lauterbach,gesundheitsminister,3
Lockdown-Lauterbach,Karl Lauterbach,corona,2
Lockdown-Lauterbach,Karl Lauterbach,covid 19,1
Lockdown-Lauterbach,Karl Lauterbach,setze sich stark für den corona-lockdown ein und ist an diesem stark beteiligt,1
Lockdown-Lauterbach,Karl Lauterbach,coronavirus,1
Lockdown-Lauterbach,Karl Lauterbach,spd,1
Lockdown-Lauterbach,Karl Lauterbach,war zu corona-zeiten gesundheitsminister,1
Lockdown-Lauterbach,Karl Lauterbach,gesundheitspolitiker,1
Lockdown-Lauterbach,Karl Lauterbach,politiker,1
Lockdown-Lauterbach,Karl Lauterbach,pandemie,1
Locker-Laschet,Armin Laschet,ist nicht sehr strikt,1
Locker-Laschet,Armin Laschet,spd-politiker,1
Locker-Laschet,Armin Laschet,vielleicht weil er doch eher der heitere typ ist,1
Locker-Laschet,Armin Laschet,unbesorgt,1
Locker-Laschet,Armin Laschet,kandidat,1
Locker-Laschet,Armin Laschet,politiker,1
Locker-Laschet,Armin Laschet,kanzlerkandidaten-wahlkampf,1
Locker-Laschet,Armin Laschet,lachen,1
Locker-Laschet,Armin Laschet,cdu,1
Locker-Laschet,Armin Laschet,besuch der flutkatastrophe,1
Locker-Laschet,Armin Laschet,bundestag,1
Maidan-Steinmeier,Frank-Walter Steinmeier,bundespräsident,1
Maidan-Steinmeier,Frank-Walter Steinmeier,spd,1
Maidan-Steinmeier,Frank-Walter Steinmeier,politiker,1
Maidan-Steinmeier,Frank-Walter Steinmeier,ukraine,1
Masken-Merkel,Angela Merkel,pandemie,2
Masken-Merkel,Angela Merkel,vorsichtig,1
Masken-Merkel,Angela Merkel,bundeskanzlerin,1
Masken-Merkel,Angela Merkel,ehemalige bundeskanzlerin,1
Masken-Merkel,Angela Merkel,europa-maske,1
Maskendeal-Spahn,Jens Spahn,corona,6
Maskendeal-Spahn,Jens Spahn,ist korrupt,1
Maskendeal-Spahn,Jens Spahn,cdu-politiker,1
Maskendeal-Spahn,Jens Spahn,gesundheitsminister,1
Maskendeal-Spahn,Jens Spahn,cdu,1
Maskendeal-Spahn,Jens Spahn,einkauf von teuren masken,1
Maut-Dobrindt,Alexander Dobrindt,csu,2
Maut-Dobrindt,Alexander Dobrindt,autobahnmaut,1
Maut-Dobrindt,Alexander Dobrindt,maut,1
Maut-Dobrindt,Alexander Dobrindt,umstritten,1
Maut-Dobrindt,Alexander Dobrindt,pkw-maut,1
McKinsey-Leyen,Ursula von der Leyen,berater,1
McKinsey-Leyen,Ursula von der Leyen,unternehmensberatung,1
McKinsey-Leyen,Ursula von der Leyen,eu,1
McKinsey-Leyen,Ursula von der Leyen,berufliche verbindung,1
McKinsey-Leyen,Ursula von der Leyen,berufliche verbindung zu mckinsey und company,1
Meineid-Gauland,Alexander Gauland,afd,2
Meineid-Gauland,Alexander Gauland,falschaussage,1
Meineid-Gauland,Alexander Gauland,lügner,1
Meineid-Gauland,Alexander Gauland,afd-politiker,1
Meineid-Gauland,Alexander Gauland,afd-vorsitzender,1
Meineid-Kohl,Helmut Kohl,spendenaffaire,1
Meineid-Kohl,Helmut Kohl,cdu,1
Meineid-Kohl,Helmut Kohl,spendenaffäre cdu,1
Meineid-Kohl,Helmut Kohl,rechtliche kontroversen,1
Meineid-Kohl,Helmut Kohl,politische kontroverse um illegale parteispenden,1
Meineid-Petry,Frauke Petry,rechts,1
Meineid-Petry,Frauke Petry,redet viel zu viel und zu schnell,1
Meineid-Petry,Frauke Petry,politikerin,1
Microsoft-Gates,Bill Gates,windows,2
Microsoft-Gates,Bill Gates,microsoft,2
Microsoft-Gates,Bill Gates,microsoft-gründer,2
Microsoft-Gates,Bill Gates,computer,1
Microsoft-Gates,Bill Gates,gründer microsoft,1
Microsoft-Gates,Bill Gates,besitzer von microsoft,1
Microsoft-Gates,Bill Gates,hat microsoft erfunden,1
Microsoft-Gates,Bill Gates,erfinder,1
Microsoft-Gates,Bill Gates,erster personal computer,1
Microsoft-Gates,Bill Gates,software,1
Microsoft-Gates,Bill Gates,amerikaner,1
Microsoft-Gates,Bill Gates,monopol,1
Migranten-Merkel,Angela Merkel,wir schaffen das,3
Migranten-Merkel,Angela Merkel,flüchtlingskrise,2
Migranten-Merkel,Angela Merkel,lässt alle rein,1
Migranten-Merkel,Angela Merkel,derogative beschreibung der rechten,1
Migranten-Merkel,Angela Merkel,flüchtlingskriese,1
Migranten-Merkel,Angela Merkel,offene grenzen,1
Migranten-Merkel,Angela Merkel,kanzlerin,1
Migranten-Merkel,Angela Merkel,bundeskanzlerin,1
Migranten-Merkel,Angela Merkel,schlechte migrationspolitik,1
Migranten-Merkel,Angela Merkel,kanzler,1
Mini-Merkel,Angela Merkel,kleine größe,1
Mini-Merkel,Angela Merkel,cdu,1
Mini-Merkel,Angela Merkel,163 cm,1
Mini-Merkel,Angela Merkel,politikerin,1
Mini-Merkel,Angela Merkel,bundeskanzlerin,1
Mischpoke-Özdemir,Cem Özdemir,die grünen,2
Mischpoke-Özdemir,Cem Özdemir,negativ,1
Mischpoke-Özdemir,Cem Özdemir,der spitzname könnte darauf hinweisen dass cem özdemir als politiker eine weniger formelle und lockerere seite hat die er selbst nicht scheut zu zeigen,1
Mischpoke-Özdemir,Cem Özdemir,neutral,1
Mischpoke-Özdemir,Cem Özdemir,grün,1
Mischpoke-Özdemir,Cem Özdemir,landwirtschaftsminister,1
Mischpoke-Özdemir,Cem Özdemir,kreativ,1
Mischpoke-Özdemir,Cem Özdemir,pegida,1
Moslem-Obama,Barack Obama,baracks name,1
Moslem-Obama,Barack Obama,muslim,1
Moslem-Obama,Barack Obama,"der begriff ""moslem-obama"" könnte auf falsche informationen oder vorurteile hindeuten die während seiner präsidentschaft über seine religiöse zugehörigkeit verbreitet wurden",1
Moslem-Obama,Barack Obama,vorurteil,1
Moslem-Obama,Barack Obama,ehemaliger us-präsident,1
Moslem-Obama,Barack Obama,präsident,1
Moslem-Obama,Barack Obama,us-präsident,1
Moslem-Obama,Barack Obama,religion,1
Moslem-Obama,Barack Obama,afroamerikanisch,1
Mutter-Seehofer,Horst Seehofer,er wollte die mutti beerben,1
Mutter-Seehofer,Horst Seehofer,mutter,1
Mutter-Seehofer,Horst Seehofer,bayern,1
Mutter-Seehofer,Horst Seehofer,csu,1
Möbelhaus-Laschet,Armin Laschet,flutkatasprophe ahrtahl,1
Möbelhaus-Laschet,Armin Laschet,nrw,1
Möbelhaus-Laschet,Armin Laschet,hat sich mit einem lachanfall die wahl versaut,1
Möbelhaus-Laschet,Armin Laschet,kritik,1
Möbelhaus-Laschet,Armin Laschet,kanzlerkanditat,1
Möbelhaus-Laschet,Armin Laschet,ehemaliger ministerpräsident nordrhein-westfalens,1
Mövenpick-Westerwelle,Guido Westerwelle,westerwelle hat für hotels und tourismus lobbyiert oder diese branchen bevorzugt,1
Mövenpick-Westerwelle,Guido Westerwelle,abgehoben,1
Mövenpick-Westerwelle,Guido Westerwelle,freiheit,1
Mövenpick-Westerwelle,Guido Westerwelle,politiker,1
Mövenpick-Westerwelle,Guido Westerwelle,fdp,1
Mövenpick-Westerwelle,Guido Westerwelle,parteivorsitzender,1
NATO-Erdogan,Recep Tayyip Erdoğan,türkei,5
NATO-Erdogan,Recep Tayyip Erdoğan,präsident der türkei,2
NATO-Erdogan,Recep Tayyip Erdoğan,türkischer präsident,2
NATO-Erdogan,Recep Tayyip Erdoğan,militärstrategie,1
NATO-Erdogan,Recep Tayyip Erdoğan,nationalist,1
NATO-Erdogan,Recep Tayyip Erdoğan,erpressung,1
NATO-Erdogan,Recep Tayyip Erdoğan,jan böhmermann-gedicht,1
Nestle-Klöckner,Julia Klöckner,lobbyismus,1
Nestle-Klöckner,Julia Klöckner,cdu-politikerin,1
Nestle-Klöckner,Julia Klöckner,ehemalige bundesministerin,1
Nestle-Klöckner,Julia Klöckner,cdu,1
Nestle-Klöckner,Julia Klöckner,twitteruser,1
Nestle-Klöckner,Julia Klöckner,provokant,1
Nestle-Klöckner,Julia Klöckner,twitter,1
Nestle-Klöckner,Julia Klöckner,agrarministerin,1
NetzDG-Maas,Heiko Maas,justizminister,2
NetzDG-Maas,Heiko Maas,meinungsfreiheit,1
NetzDG-Maas,Heiko Maas,meinungsfreiheit im internet,1
NetzDG-Maas,Heiko Maas,gegen hass im netz,1
NetzDG-Maas,Heiko Maas,freiheitsfeindlich,1
NetzDG-Maas,Heiko Maas,ehemaliger außenminister,1
NetzDG-Maas,Heiko Maas,gesetz gegen hass im netz,1
NetzDG-Maas,Heiko Maas,natalie wörner,1
Nordstream-Schwesig,Manuela Schwesig,energiepolitik,1
Nordstream-Schwesig,Manuela Schwesig,käuflich,1
Nordstream-Schwesig,Manuela Schwesig,spd,1
Nordstream-Schwesig,Manuela Schwesig,einsatz für nordstream,1
Nordstream-Schwesig,Manuela Schwesig,pipeline nach russland,1
Nordstream-Schwesig,Manuela Schwesig,ministerpräsident mecklenburg-vorpommern,1
Nordstream-Schwesig,Manuela Schwesig,ministerpräsidentin in mecklenburg-vorpommern,1
Nordstream-Schwesig,Manuela Schwesig,mecklenburg-vorpommern,1
Notbremse-Söder,Markus Söder,csu,3
Notbremse-Söder,Markus Söder,corona-pandemie,2
Notbremse-Söder,Markus Söder,krisenmanagement,1
Notbremse-Söder,Markus Söder,flüchtlingsdebatte,1
Notbremse-Söder,Markus Söder,notbreme hinsichtlich zuwanderung,1
Notbremse-Söder,Markus Söder,bayerischer ministerpräsident,1
Notbremse-Söder,Markus Söder,bayrischer ministerpräsident,1
Ofen-Habeck,Robert Habeck,klimakrise,1
Ofen-Habeck,Robert Habeck,grün,1
Ofen-Habeck,Robert Habeck,wollte eine pauschale fürs heizen,1
Ofen-Habeck,Robert Habeck,wirtschaftsminister,1
Ofen-Habeck,Robert Habeck,politiker,1
Ofen-Habeck,Robert Habeck,holzöfen,1
Opfer-Schäuble,Wolfgang Schäuble,rollstuhl,3
Opfer-Schäuble,Wolfgang Schäuble,hat viel geopfert,1
Opfer-Schäuble,Wolfgang Schäuble,bezieht sich auf das attentat,1
Opfer-Schäuble,Wolfgang Schäuble,schande für unsere politik,1
Opfer-Schäuble,Wolfgang Schäuble,präsident,1
Opfer-Schäuble,Wolfgang Schäuble,abgeordneter,1
Opfer-Schäuble,Wolfgang Schäuble,ich denke es ist eine anspielung auf die tatsache dass er im rollstuhl saß,1
Opfer-Schäuble,Wolfgang Schäuble,innenminister,1
Pack-Gabriel,Sigmar Gabriel,spd,3
Pack-Gabriel,Sigmar Gabriel,polarisierend,1
Pack-Gabriel,Sigmar Gabriel,flüchtlinge,1
Pack-Gabriel,Sigmar Gabriel,pack meint vermeintlich rechte wähler,1
Pack-Gabriel,Sigmar Gabriel,spd-politiker,1
Pack-Gabriel,Sigmar Gabriel,spd-chef,1
Panik-Greta,Greta Thunberg,klima,2
Panik-Greta,Greta Thunberg,wahrheit,1
Panik-Greta,Greta Thunberg,macht panik,1
Panik-Greta,Greta Thunberg,dass sie will das leute in panik geraten,1
Panik-Greta,Greta Thunberg,klimaaktivistin,1
Panik-Greta,Greta Thunberg,klimawandel,1
Panik-Greta,Greta Thunberg,umwelt,1
Panik-Greta,Greta Thunberg,klimakind,1
Panik-Greta,Greta Thunberg,klimakatastrophen-warnerin,1
Panik-Greta,Greta Thunberg,hüpfen,1
Panik-Greta,Greta Thunberg,umweltaktivistin,1
Panik-Greta,Greta Thunberg,umwelt-aktivistin,1
Panik-Greta,Greta Thunberg,klimaschutz,1
Panik-Merkel,Angela Merkel,flüchtlingskrise,2
Panik-Merkel,Angela Merkel,bundeskanzlerin,2
Panik-Merkel,Angela Merkel,panik,1
Panik-Merkel,Angela Merkel,abschaltung atomkraftwerke,1
Panik-Merkel,Angela Merkel,cdu,1
Panik-Merkel,Angela Merkel,kanzlerin,1
Panik-Merkel,Angela Merkel,angst,1
Panik-Merkel,Angela Merkel,flüchtlingssituation,1
Panik-Merkel,Angela Merkel,coronapandemie,1
Panik-Merkel,Angela Merkel,ehemalige bundeskanzlerin,1
Peak-Boateng,Jérôme Boateng,fußball,3
Peak-Boateng,Jérôme Boateng,fußballer,2
Peak-Boateng,Jérôme Boateng,groß,1
Peak-Boateng,Jérôme Boateng,ist in topform,1
Peak-Boateng,Jérôme Boateng,bayern,1
Peak-Boateng,Jérôme Boateng,nuschelt,1
Pendler-Habeck,Robert Habeck,unfähig,1
Pendler-Habeck,Robert Habeck,meinngsschwankend,1
Pendler-Habeck,Robert Habeck,bahn,1
Pendler-Habeck,Robert Habeck,politiker,1
Pendler-Habeck,Robert Habeck,sehr vergreister politiker,1
Pendler-Habeck,Robert Habeck,nicht informiert,1
Pendler-Habeck,Robert Habeck,grüne,1
Pendler-Habeck,Robert Habeck,angeblich grüner,1
Pendlerpauschale-Habeck,Robert Habeck,grüne,1
Pendlerpauschale-Habeck,Robert Habeck,pendlerpauschale,1
Pendlerpauschale-Habeck,Robert Habeck,grün,1
Pendlerpauschale-Habeck,Robert Habeck,sehr grün,1
Pendlerpauschale-Habeck,Robert Habeck,verkehrsminister,1
Pendlerpauschale-Habeck,Robert Habeck,politiker,1
Pendlerpauschale-Habeck,Robert Habeck,wirtschaftsminister,1
Pferde-Nahles,Andrea Nahles,spd,1
Pferde-Nahles,Andrea Nahles,studienabbrecherin,1
Pferde-Nahles,Andrea Nahles,politikerin,1
Pippi-Nahles,Andrea Nahles,spd,3
Pippi-Nahles,Andrea Nahles,unkonventionell,1
Pippi-Nahles,Andrea Nahles,weltfremd,1
Pippi-Nahles,Andrea Nahles,bundestag lied von pippi langstrumpf,1
Pippi-Nahles,Andrea Nahles,spd-generalsekretärin,1
Pippi-Nahles,Andrea Nahles,ehemalige spd-vorsitzende,1
Pippi-Nahles,Andrea Nahles,pippi langstrumpf,1
Pippi-Nahles,Andrea Nahles,pippi langstrumpf-lied im bundestag gesungen,1
Plagiat-Bärbock,Annalena Baerbock,außenministerin,2
Plagiat-Bärbock,Annalena Baerbock,unehrlich,1
Plagiat-Bärbock,Annalena Baerbock,dass sie nicht nachweisen konnte was ihre eigenleistung beim studieren war,1
Plagiat-Bärbock,Annalena Baerbock,grünen politikerin,1
Plagiat-Bärbock,Annalena Baerbock,masterarbeit,1
Plagiat-Bärbock,Annalena Baerbock,grüne,1
Plagiat-Bärbock,Annalena Baerbock,wertegeleitete politik,1
Plagiat-Bärbock,Annalena Baerbock,die grünen,1
Plagiat-Bärbock,Annalena Baerbock,grünen,1
Plagiat-Giffey,Franziska Giffey,politikerin,2
Plagiat-Giffey,Franziska Giffey,plagiatorin,1
Plagiat-Giffey,Franziska Giffey,doktorarbeit war plagiert,1
Plagiat-Giffey,Franziska Giffey,unehrlich,1
Plagiat-Giffey,Franziska Giffey,doktorarbeit,1
Plagiat-Giffey,Franziska Giffey,schummeln,1
Plagiat-Giffey,Franziska Giffey,sie hat ihre doktorarbeit gefälscht beziehungsweise falsch mit quellen belegt,1
Plagiat-Giffey,Franziska Giffey,abschreiben,1
Plagiat-Giffey,Franziska Giffey,bürgermeister berlin,1
Podcast-Drosten,Christian Drosten,corona,4
Podcast-Drosten,Christian Drosten,virologe,3
Podcast-Drosten,Christian Drosten,covid19,1
Podcast-Drosten,Christian Drosten,viele beiträge in podcast,1
Podcast-Drosten,Christian Drosten,hat podcast zu corona gemacht,1
Podcast-Drosten,Christian Drosten,gesundheit,1
Podcast-Drosten,Christian Drosten,wissenschaftler,1
Pokal-Klose,Miroslav Klose,weltmeister,2
Pokal-Klose,Miroslav Klose,fußball,2
Pokal-Klose,Miroslav Klose,torschützenkönig,1
Pokal-Klose,Miroslav Klose,2014 gewinnt klose die wm,1
Pokal-Klose,Miroslav Klose,fußballer,1
Pokal-Klose,Miroslav Klose,deutscher ex-fußballer,1
Pokal-Klose,Miroslav Klose,pole,1
Pokal-Klose,Miroslav Klose,ehemaliger fußballer,1
Polizeigewalt-Scholz,Olaf Scholz,hamburg,1
Polizeigewalt-Scholz,Olaf Scholz,bundeskanzler,1
Polizeigewalt-Scholz,Olaf Scholz,mögliche verbindung zu polizeilichen themen,1
Privatschul-Schwesig,Manuela Schwesig,politikerin,2
Privatschul-Schwesig,Manuela Schwesig,spd,1
Privatschul-Schwesig,Manuela Schwesig,schickt ihre kinder auf eine privatschule aber predigt was anderes,1
Privatschul-Schwesig,Manuela Schwesig,ministerpräsidentin,1
Privatschul-Schwesig,Manuela Schwesig,elitistisch,1
Problem-Seehofer,Horst Seehofer,ich hab ein problem mit seehofer,1
Problem-Seehofer,Horst Seehofer,"""problembär"" bruno",1
Problem-Seehofer,Horst Seehofer,unionsstreit,1
Problem-Seehofer,Horst Seehofer,polizei,1
Problem-Seehofer,Horst Seehofer,übergriffig,1
RWE-Laschet,Armin Laschet,cdu,4
RWE-Laschet,Armin Laschet,kohleausstieg,2
RWE-Laschet,Armin Laschet,käuflich,1
RWE-Laschet,Armin Laschet,geheime treffen,1
RWE-Laschet,Armin Laschet,starke nähe zur rwe,1
RWE-Laschet,Armin Laschet,cdu-mitglied,1
RWE-Laschet,Armin Laschet,nrw,1
RWE-Laschet,Armin Laschet,ministerpräsident nordrhein westfalen,1
RWE-Laschet,Armin Laschet,geheimtreffen,1
Rambo-Bush,George Bush,usa,3
Rambo-Bush,George Bush,militärische interventionen,1
Rambo-Bush,George Bush,cowboy,1
Rambo-Bush,George Bush,george w. bush,1
Rambo-Bush,George Bush,republikaner,1
Rambo-Bush,George Bush,kriegerisch,1
Rambo-Bush,George Bush,amerikanischer präsident,1
Rambo-Bush,George Bush,ehemaliger us-präsident,1
Rambo-Bush,George Bush,gibts/gabs als senior und junior,1
Rambo-Bush,George Bush,ehemaliger präsident der usa,1
Renten-Scholz,Olaf Scholz,bundeskanzler,4
Renten-Scholz,Olaf Scholz,kanzler,3
Renten-Scholz,Olaf Scholz,scholzomat,1
Renten-Scholz,Olaf Scholz,er versaut uns die renten,1
Renten-Scholz,Olaf Scholz,lügner,1
Renten-Scholz,Olaf Scholz,aktueller kanzler,1
Renten-Scholz,Olaf Scholz,rentenalterstopp,1
Renten-Scholz,Olaf Scholz,geldhinterziehung,1
Rolli-Schäuble,Wolfgang Schäuble,rollstuhl,4
Rolli-Schäuble,Wolfgang Schäuble,rollstuhlfahrer,3
Rolli-Schäuble,Wolfgang Schäuble,attentat,2
Rolli-Schäuble,Wolfgang Schäuble,politiker,1
Rolli-Schäuble,Wolfgang Schäuble,saß im rolstuhl,1
Rolli-Schäuble,Wolfgang Schäuble,cdu,1
Rolli-Schäuble,Wolfgang Schäuble,anspielung auf das schäuble-attentat,1
Rolli-Schäuble,Wolfgang Schäuble,minister mit unterschiedlichen funktionen,1
Ruhrpott-Messi,Lionel Messi,fußballer,1
Ruhrpott-Messi,Lionel Messi,50 meter solo,1
Ruhrpott-Messi,Lionel Messi,guter fußballspieler,1
Ruhrpott-Messi,Lionel Messi,argentinien,1
SPD-Giffey,Franziska Giffey,berlin,2
SPD-Giffey,Franziska Giffey,politikerin,2
SPD-Giffey,Franziska Giffey,spd,1
SPD-Giffey,Franziska Giffey,bürgermeisterin,1
SPD-Giffey,Franziska Giffey,mitglied bei der spd,1
SPD-Giffey,Franziska Giffey,zentristisch,1
SPD-Scholz,Olaf Scholz,spd,3
SPD-Scholz,Olaf Scholz,bundeskanzler,3
SPD-Scholz,Olaf Scholz,sozialdemokrat,1
SPD-Scholz,Olaf Scholz,sozialdemokratie,1
SPD-Scholz,Olaf Scholz,linke,1
SPD-Scholz,Olaf Scholz,parteimitglied der spd,1
SPD-Scholz,Olaf Scholz,spitzenkandidat der spd,1
Salto-Klose,Miroslav Klose,fußball,3
Salto-Klose,Miroslav Klose,sport,1
Salto-Klose,Miroslav Klose,macht oft saltos,1
Salto-Klose,Miroslav Klose,fußballer,1
Salto-Klose,Miroslav Klose,wm-torschützenkönig,1
Salto-Klose,Miroslav Klose,deutscher rekordtorschütze,1
Salto-Klose,Miroslav Klose,kopfball,1
Salto-Klose,Miroslav Klose,fußball?,1
Salto-Klose,Miroslav Klose,fußballtrainer,1
Salto-Klose,Miroslav Klose,ehemaliger nationalelf-spieler,1
Schande-Höcke,Björn Höcke,afd,3
Schande-Höcke,Björn Höcke,politiker,2
Schande-Höcke,Björn Höcke,mahnmal der schande,1
Schande-Höcke,Björn Höcke,idiot,1
Schande-Höcke,Björn Höcke,ein absolut rechtsextremes arschloch,1
Schande-Höcke,Björn Höcke,rechtsradikal,1
Schießbefehl-Petry,Frauke Petry,afd,5
Schießbefehl-Petry,Frauke Petry,rechts,2
Schießbefehl-Petry,Frauke Petry,rechtsextrem,1
Schießbefehl-Petry,Frauke Petry,ehemals afd,1
Schießbefehl-Petry,Frauke Petry,frauke petry,1
Schießbefehl-Petry,Frauke Petry,politikerin,1
Schießbefehl-Petry,Frauke Petry,migration,1
Schiss-Gauland,Alexander Gauland,afd,3
Schiss-Gauland,Alexander Gauland,stinkt,1
Schiss-Gauland,Alexander Gauland,wahrscheinlich wegen seinem historischen vergleich der ns-zeit,1
Schiss-Gauland,Alexander Gauland,vogelschiss der geschichte,1
Schiss-Gauland,Alexander Gauland,politiker,1
Schiss-Gauland,Alexander Gauland,badehosendiebstahl,1
Schiss-Gauland,Alexander Gauland,nazi,1
Schiss-Gauland,Alexander Gauland,faschist,1
Schmiergeld-Schäuble,Wolfgang Schäuble,finanzminister,2
Schmiergeld-Schäuble,Wolfgang Schäuble,politiker,2
Schmiergeld-Schäuble,Wolfgang Schäuble,cdu,1
Schmiergeld-Schäuble,Wolfgang Schäuble,koffer mit bargeld,1
Schmiergeld-Schäuble,Wolfgang Schäuble,war in skandale verwickelt,1
Schmiergeld-Schäuble,Wolfgang Schäuble,bestechlich,1
Schmiergeld-Schäuble,Wolfgang Schäuble,bestechungsskandal,1
Schreibmaschinen-Hoeneß,Uli Hoeneß,alter mann,1
Schreibmaschinen-Hoeneß,Uli Hoeneß,hat den fußball an den nagel gehangen,1
Schreibmaschinen-Hoeneß,Uli Hoeneß,vergangenheit,1
Schreibmaschinen-Hoeneß,Uli Hoeneß,steuern,1
Schubladen-Schäuble,Wolfgang Schäuble,denkt in schubladen,1
Schubladen-Schäuble,Wolfgang Schäuble,cdu-politiker im rollstuhl,1
Schubladen-Schäuble,Wolfgang Schäuble,bestechlich,1
Schubladen-Schäuble,Wolfgang Schäuble,rollstuhl,1
Schubladen-Schäuble,Wolfgang Schäuble,parteispenden,1
Schubladen-Schäuble,Wolfgang Schäuble,spenden-affäre,1
Schubladen-Schäuble,Wolfgang Schäuble,spenden in schubladen verschwunden,1
Schubladen-Schäuble,Wolfgang Schäuble,minister,1
Schulden-Schäuble,Wolfgang Schäuble,schwarze null,3
Schulden-Schäuble,Wolfgang Schäuble,cdu,2
Schulden-Schäuble,Wolfgang Schäuble,politiker,2
Schulden-Schäuble,Wolfgang Schäuble,finanzminister,1
Schulden-Schäuble,Wolfgang Schäuble,unbeliebt,1
Schuldenberg-Scholz,Olaf Scholz,macht schulden ohne ende,1
Schuldenberg-Scholz,Olaf Scholz,er macht viele schulden in hamburg und deutschland,1
Schuldenberg-Scholz,Olaf Scholz,kanzler,1
Schuldenberg-Scholz,Olaf Scholz,hohen neuverschuldung durch corona und ukrainekrieg,1
Schuldenberg-Scholz,Olaf Scholz,schattenhaushalt,1
Schuldenberg-Scholz,Olaf Scholz,bundeskanzler,1
Schuldenberg-Scholz,Olaf Scholz,weil während scholzes amtszeit extrem viele schulden aufgenommen wurden,1
Schuldenberg-Scholz,Olaf Scholz,mitgrund des problems,1
Schuldenberg-Scholz,Olaf Scholz,hamburg,1
Schuldenberg-Scholz,Olaf Scholz,schulden,1
Schuldenbremse-Merkel,Angela Merkel,kanzlerin,2
Schuldenbremse-Merkel,Angela Merkel,geld sparen,1
Schuldenbremse-Merkel,Angela Merkel,etablierung der schuldenbremse,1
Schuldenbremse-Merkel,Angela Merkel,abbau von sozialleistungen,1
Schuldenbremse-Merkel,Angela Merkel,schwarze null,1
Schuldenbremse-Merkel,Angela Merkel,keine schulden,1
Schuldenbremse-Merkel,Angela Merkel,schuldenbremse,1
Schuldenbremse-Merkel,Angela Merkel,bundeskanzlerin,1
Schuldenbremse-Merkel,Angela Merkel,kanzler,1
Schuldenbremse-Merkel,Angela Merkel,altbundeskanzler,1
Schuldkult-Weidel,Alice Weidel,afd,8
Schuldkult-Weidel,Alice Weidel,geschichtsunterricht,1
Schuldkult-Weidel,Alice Weidel,machthungrig,1
Schuldkult-Weidel,Alice Weidel,rechts,1
Schuldkult-Weidel,Alice Weidel,afd-politikerin,1
Schuldkult-Weidel,Alice Weidel,afd-vorsitzende,1
Schuldkult-Weidel,Alice Weidel,erinnerungskultur,1
Schummel-Giffey,Franziska Giffey,politikerin,2
Schummel-Giffey,Franziska Giffey,plagiatsäffäre,1
Schummel-Giffey,Franziska Giffey,sie zog sich aus der verantwortung,1
Schummel-Giffey,Franziska Giffey,betrügerin,1
Schummel-Giffey,Franziska Giffey,regierende,1
Schummel-Giffey,Franziska Giffey,sie hat ihren doktortitel erkauft und von jemand anderem die doktorarbeit schreiben lassen beziehungsweise sie abgeschrieben,1
Schummel-Giffey,Franziska Giffey,doktorarbeit,1
Schummel-Giffey,Franziska Giffey,medienkampagne,1
Schwarzgeld-Schäuble,Wolfgang Schäuble,cdu,3
Schwarzgeld-Schäuble,Wolfgang Schäuble,cdu-spendenaffäre,2
Schwarzgeld-Schäuble,Wolfgang Schäuble,schwarzgeldaffäre,1
Schwarzgeld-Schäuble,Wolfgang Schäuble,korruption,1
Schwarzgeld-Schäuble,Wolfgang Schäuble,koffer-affäre,1
Schwarzgeld-Schäuble,Wolfgang Schäuble,mögliche finanzaspekte,1
Schwarzgeld-Schäuble,Wolfgang Schäuble,politiker,1
Selfie-Merkel,Angela Merkel,cdu,2
Selfie-Merkel,Angela Merkel,flüchtlingskrise,1
Selfie-Merkel,Angela Merkel,"der spitzname ""selfie-merkel"" könnte auf eine zugängliche und volksnahe seite von angela merkel hinweisen die durch ihre bereitschaft selfies mit menschen zu machen symbolisiert wird",1
Selfie-Merkel,Angela Merkel,geber,1
Selfie-Merkel,Angela Merkel,ehemalige bundeskanzlerin,1
Selfie-Merkel,Angela Merkel,volksnähe,1
Selfie-Merkel,Angela Merkel,bundeskanzlerin,1
Selfie-Merkel,Angela Merkel,2015,1
Selfie-Merkel,Angela Merkel,unkonventionell,1
Selfie-Merkel,Angela Merkel,kanzlerin,1
Selfie-Merkel,Angela Merkel,flüchtligsheimbesuch,1
Selfie-Merkel,Angela Merkel,anas modamani,1
Smartie-Spahn,Jens Spahn,gesundheit,1
Smartie-Spahn,Jens Spahn,überheblich,1
Smartie-Spahn,Jens Spahn,ehemaliger bundesgesundheitsminister,1
Spaß-Guido,Guido Westerwelle,fdp,3
Spaß-Guido,Guido Westerwelle,öffentliches image,1
Spaß-Guido,Guido Westerwelle,ulkig,1
Spaß-Guido,Guido Westerwelle,fdp-politiker,1
Spaß-Guido,Guido Westerwelle,ehemaliger fdp-politiker,1
Spaß-Guido,Guido Westerwelle,ehemaliger fdp-vorsitzende,1
Spenden-Schäuble,Wolfgang Schäuble,korrupt,1
Spenden-Schäuble,Wolfgang Schäuble,cdu-politiker,1
Spenden-Schäuble,Wolfgang Schäuble,spendenaffäre,1
Spenden-Schäuble,Wolfgang Schäuble,rollstuhl,1
Spenden-Schäuble,Wolfgang Schäuble,cdu,1
Spenden-Schäuble,Wolfgang Schäuble,kohl,1
Spenden-Schäuble,Wolfgang Schäuble,schwarze null,1
Spenden-Schäuble,Wolfgang Schäuble,ehemaliger bundestagspräsident,1
Spenden-Schäuble,Wolfgang Schäuble,finanzminister,1
Spenden-Spahn,Jens Spahn,cdu,3
Spenden-Spahn,Jens Spahn,wahlkampf spenden,1
Spenden-Spahn,Jens Spahn,unseriös,1
Spenden-Spahn,Jens Spahn,gesundheitsminister,1
Spenden-Spahn,Jens Spahn,spendenaffäre,1
Spenden-Spahn,Jens Spahn,korruption,1
Spenden-Spahn,Jens Spahn,früherer gesundheitsminister,1
Spenden-Spahn,Jens Spahn,abendessen bei spendenmarathon und folgende zahlung von spenden an spahn,1
Spritzen-Spahn,Jens Spahn,cdu,3
Spritzen-Spahn,Jens Spahn,gesundheitsminister,2
Spritzen-Spahn,Jens Spahn,impfkampagnen,1
Spritzen-Spahn,Jens Spahn,corona-pandemie,1
Spritzen-Spahn,Jens Spahn,corona-impfung,1
Spritzen-Spahn,Jens Spahn,früherer gesundheitsminister,1
Spritzen-Spahn,Jens Spahn,ehemaliger gesundheitsminister,1
Spritzen-Spahn,Jens Spahn,gesundheitsminister während der corona-pandemie,1
Spritzen-Spahn,Jens Spahn,impfen,1
Steuer-Hoeneß,Uli Hoeneß,steuerhinterziehung,4
Steuer-Hoeneß,Uli Hoeneß,fc bayern,3
Steuer-Hoeneß,Uli Hoeneß,fußball,1
Steuer-Hoeneß,Uli Hoeneß,hinterzog steuern bei finanz-spekulationen und war im gefängnis deswegen,1
Steuer-Hoeneß,Uli Hoeneß,steuerhinterziehungen,1
Steuer-Hoeneß,Uli Hoeneß,gefängnis,1
Steuer-Hoeneß,Uli Hoeneß,steuerhinterzieher,1
Steuer-Hoeneß,Uli Hoeneß,saß im knast wegen steuerhinterziehung,1
Steuer-Hoeneß,Uli Hoeneß,bayern münchen,1
TV-Lauterbach,Karl Lauterbach,gesundheitsminister,2
TV-Lauterbach,Karl Lauterbach,corona,2
TV-Lauterbach,Karl Lauterbach,graue haare,1
TV-Lauterbach,Karl Lauterbach,tritt oft im tv auf,1
TV-Lauterbach,Karl Lauterbach,dass er sich ständig im fernsehen aufhält,1
TV-Lauterbach,Karl Lauterbach,wahrscheinlich weil er wegen corona so oft im tv war,1
TV-Lauterbach,Karl Lauterbach,egozentrisch,1
TV-Lauterbach,Karl Lauterbach,karlchen,1
TV-Lauterbach,Karl Lauterbach,minister,1
Talkshow-Habeck,Robert Habeck,labert immer im tv,1
Talkshow-Habeck,Robert Habeck,war in vielen talkshows,1
Talkshow-Habeck,Robert Habeck,grüner politiker,1
Talkshow-Habeck,Robert Habeck,durch häufiges auftreten in talkshows im öffentlich-rechtlichen entstanden,1
Talkshow-Habeck,Robert Habeck,lanz,1
Talkshow-Habeck,Robert Habeck,viele talkshows,1
Talkshow-Habeck,Robert Habeck,grünen-politker,1
Talkshow-Habeck,Robert Habeck,politiker,1
Talkshow-Habeck,Robert Habeck,dass habeck in vielen talkshows unterwegs war und stellenweise dort zu viel geredet hat,1
Talkshow-Habeck,Robert Habeck,uninformiert,1
Talkshow-Habeck,Robert Habeck,maischberger,1
Talkshow-Habeck,Robert Habeck,rednerisch,1
Talkshow-Lauterbach,Karl Lauterbach,ard,1
Talkshow-Lauterbach,Karl Lauterbach,zeitverschwendung,1
Talkshow-Lauterbach,Karl Lauterbach,spd,1
Talkshow-Lauterbach,Karl Lauterbach,gesundheitsminister,1
Talkshow-Lauterbach,Karl Lauterbach,mediapräsent,1
Talkshow-Lauterbach,Karl Lauterbach,minister,1
Talkshow-Lauterbach,Karl Lauterbach,häufige auftritte in talkshows,1
Terror-Bush,George Bush,usa,3
Terror-Bush,George Bush,11. september,1
Terror-Bush,George Bush,kriegstreiber,1
Terror-Bush,George Bush,krieg,1
Terror-Bush,George Bush,9/11,1
Terror-Bush,George Bush,irakkrieg,1
Terror-Bush,George Bush,world trade center,1
Terror-Bush,George Bush,anschlag vom 11. september 2001,1
Terror-Bush,George Bush,präsident,1
Terror-Bush,George Bush,irak,1
Terror-Bush,George Bush,9.november,1
Terror-Thomas,Thomas De Maizière,ist nervig,1
Terror-Thomas,Thomas De Maizière,cdu-politiker,1
Terror-Thomas,Thomas De Maizière,weil er innenminister war,1
Terror-Thomas,Thomas De Maizière,minister,1
Terror-Thomas,Thomas De Maizière,ehemals zuständig für bundeswehr,1
Terror-Thomas,Thomas De Maizière,terrorabwehr,1
Terror-Thomas,Thomas De Maizière,cdu,1
Terror-Thomas,Thomas De Maizière,innenminister,1
Thermo-Lindner,Christian Lindner,fdp,2
Thermo-Lindner,Christian Lindner,fdp-politiker,1
Thermo-Lindner,Christian Lindner,wahlkampf,1
Thermo-Lindner,Christian Lindner,finanzminister,1
Thermo-Lindner,Christian Lindner,anti-wärmepumpen-kampagne,1
Thermo-Lindner,Christian Lindner,steuern,1
Toblerone-Meuthen,Jörg Meuthen,afd,2
Toblerone-Meuthen,Jörg Meuthen,boykottierung,1
Toblerone-Meuthen,Jörg Meuthen,narzisst,1
Tore-Klose,Miroslav Klose,fußball,2
Tore-Klose,Miroslav Klose,wm,1
Tore-Klose,Miroslav Klose,maschine,1
Tore-Klose,Miroslav Klose,rekordtorschütze,1
Tore-Klose,Miroslav Klose,nationalmannschaft,1
Tore-Klose,Miroslav Klose,dfb,1
Tore-Klose,Miroslav Klose,torjäger,1
Tore-Klose,Miroslav Klose,weil er bei der wm und em und in der bundesliga viele tore schießt,1
Tore-Klose,Miroslav Klose,viele tore,1
Tore-Messi,Lionel Messi,fußball,1
Tore-Messi,Lionel Messi,weltmeisterschaft,1
Tore-Messi,Lionel Messi,fußballlegende,1
Tore-Messi,Lionel Messi,weltfußballer,1
Tore-Messi,Lionel Messi,weltmeister,1
Tore-Messi,Lionel Messi,torjäger,1
Tore-Messi,Lionel Messi,talent,1
Tore-Messi,Lionel Messi,schießt viele tore,1
Tore-Messi,Lionel Messi,rekordhalter für die meisten tore in seiner fußballkarriere,1
Tore-Messi,Lionel Messi,fußballspieler,1
Tore-Poldi,Lukas Podolski,fußballspieler,2
Tore-Poldi,Lukas Podolski,poldi schießt tore,1
Tore-Poldi,Lukas Podolski,fußball,1
Tore-Poldi,Lukas Podolski,hat viele tore geschossen,1
Tore-Poldi,Lukas Podolski,torjäger,1
Tore-Poldi,Lukas Podolski,köln,1
Tore-Poldi,Lukas Podolski,sportlich,1
Turnschuh-Fischer,Joschka Fischer,grüne,2
Turnschuh-Fischer,Joschka Fischer,aktivismus,1
Turnschuh-Fischer,Joschka Fischer,original,1
Turnschuh-Fischer,Joschka Fischer,umweltminister,1
Turnschuh-Fischer,Joschka Fischer,grün,1
Turnschuh-Fischer,Joschka Fischer,hat früher turnschuhe im bundestag getragen,1
Turnschuh-Fischer,Joschka Fischer,grünen-gründungsmitglied,1
Turnschuh-Fischer,Joschka Fischer,grünenpolitiker,1
Turnschuh-Fischer,Joschka Fischer,ex-außenminister,1
Turnschuh-Fischer,Joschka Fischer,grüner,1
Turnschuh-Fischer,Joschka Fischer,ehemaliger grünen-politiker der bei vereidigung tunschuhe getragen hat,1
Turnschuh-Fischer,Joschka Fischer,die grünen,1
Tönnies-Laschet,Armin Laschet,cdu,2
Tönnies-Laschet,Armin Laschet,hatte verbindung mit dem fleischproduzenten,1
Tönnies-Laschet,Armin Laschet,ministerpräsident,1
Tönnies-Laschet,Armin Laschet,parteiisch,1
Tönnies-Laschet,Armin Laschet,großmetzgerei,1
Tönnies-Laschet,Armin Laschet,gammelfleisch,1
Tönnies-Laschet,Armin Laschet,politiker,1
Tönnies-Laschet,Armin Laschet,tönnies-skandal,1
Tönnies-Laschet,Armin Laschet,schalke,1
Türken-Laschet,Armin Laschet,nrw,2
Türken-Laschet,Armin Laschet,verbindungen zur türkei,1
Türken-Laschet,Armin Laschet,spd-politiker,1
Türken-Laschet,Armin Laschet,weil er aus einem bundesland mit viel migrantiondichte kommt,1
Türken-Laschet,Armin Laschet,lachen,1
Türken-Laschet,Armin Laschet,kanzlerkandidat,1
Türken-Laschet,Armin Laschet,integrationsminister,1
Ultimatum-Seehofer,Horst Seehofer,politik,1
Ultimatum-Seehofer,Horst Seehofer,csu,1
Ultimatum-Seehofer,Horst Seehofer,dieselaffäre,1
Ultimatum-Seehofer,Horst Seehofer,entscheidend,1
Ultimatum-Seehofer,Horst Seehofer,ehemaliger bundesinnenminister,1
Vanlaack-Laschet,Armin Laschet,cdu,1
Vanlaack-Laschet,Armin Laschet,mögliche beziehung zu kleidungsmarken,1
Vielflieger-Hofreiter,Anton Hofreiter,politiker,3
Vielflieger-Hofreiter,Anton Hofreiter,grüne,2
Vielflieger-Hofreiter,Anton Hofreiter,umweltverschmutzung,2
Vielflieger-Hofreiter,Anton Hofreiter,grün,1
Vielflieger-Hofreiter,Anton Hofreiter,innerdeutsche flüge,1
Villen-Spahn,Jens Spahn,cdu,3
Villen-Spahn,Jens Spahn,gesundheitsminister,2
Villen-Spahn,Jens Spahn,reichtum,1
Villen-Spahn,Jens Spahn,gierig,1
Villen-Spahn,Jens Spahn,hat sich für mehrere millionen eine villa in berlin gekauft,1
Villen-Spahn,Jens Spahn,luxus,1
Villen-Spahn,Jens Spahn,früherer deutscher gesundheitsminister,1
Villen-Spahn,Jens Spahn,ex-gesundheitsminister,1
Villen-Spahn,Jens Spahn,kauf und dann verkauf einer millionen-villa,1
Vogelschiss-Gauland,Alexander Gauland,afd,2
Vogelschiss-Gauland,Alexander Gauland,rassismus,1
Vogelschiss-Gauland,Alexander Gauland,nazi,1
Vogelschiss-Gauland,Alexander Gauland,rechtsextremismus,1
Vogelschiss-Gauland,Alexander Gauland,mögliche politische kontroversen,1
Vollgas-Vettel,Sebastian Vettel,formel 1,7
Vollgas-Vettel,Sebastian Vettel,rennfahrer,2
Vollgas-Vettel,Sebastian Vettel,autorennen,1
Vollgas-Vettel,Sebastian Vettel,weltmeister,1
Vollgas-Vettel,Sebastian Vettel,ferrari,1
Vote-Obama,Barack Obama,präsident,2
Vote-Obama,Barack Obama,amerikanischer präsident,1
Vote-Obama,Barack Obama,wahlkampf,1
Vote-Obama,Barack Obama,guter mann,1
Vote-Obama,Barack Obama,ehrgeizig,1
WM-Müller,Thomas Müller,trifft immer bei der wm,1
WM-Müller,Thomas Müller,torschützenkönig bei wm,1
WM-Müller,Thomas Müller,fußball,1
WM-Müller,Thomas Müller,wm-gewinn,1
WM-Müller,Thomas Müller,fußballer,1
WM-Müller,Thomas Müller,fußballspieler,1
WM-Müller,Thomas Müller,weil thomas müller immer zur wm in top-form und ein torgarant war,1
WM-Müller,Thomas Müller,tore,1
Wahlkampf-Obama,Barack Obama,kämpfer,2
Wahlkampf-Obama,Barack Obama,verspricht viel im wahlkampf,1
Wahlkampf-Obama,Barack Obama,im wahlkampf war er anders als als präsident,1
Wahlkampf-Obama,Barack Obama,früherer us-präsident,1
Wahlkampf-Obama,Barack Obama,familie,1
Wahlkampf-Obama,Barack Obama,großer wahlkampf,1
Wahlkampf-Obama,Barack Obama,us-präsident,1
Wahlkampf-Obama,Barack Obama,usa,1
Wahlkampf-Obama,Barack Obama,ernst,1
Wehrmacht-Gauland,Alexander Gauland,afd,4
Wehrmacht-Gauland,Alexander Gauland,politiker,2
Wehrmacht-Gauland,Alexander Gauland,möchte gern altnazi,1
Wehrmacht-Gauland,Alexander Gauland,rechtsradikal,1
Wehrmacht-Gauland,Alexander Gauland,nazi,1
Willkommens-Merkel,Angela Merkel,flüchtlingspolitik,3
Willkommens-Merkel,Angela Merkel,offenheit,1
Willkommens-Merkel,Angela Merkel,immigration,1
Willkommens-Merkel,Angela Merkel,freundlich,1
Willkommens-Merkel,Angela Merkel,bundeskanzlerin,1
Willkommens-Merkel,Angela Merkel,flüchtlingskrise,1
Willkommens-Merkel,Angela Merkel,ehemalige bundeskanzlerin,1
Willkommens-Merkel,Angela Merkel,flüchtlinge,1
Willkommens-Merkel,Angela Merkel,kanzlerin,1
