target_name,all-associations,count-per-association
Alexander Dobrindt,politiker,3
Alexander Dobrindt,csu,3
Alexander Dobrindt,cdu,2
Alexander Dobrindt,verkehr?,1
Alexander Dobrindt,irgendwie habe ich ihn negativ gespeichert,1
Alexander Dobrindt,verkehr,1
Alexander Dobrindt,funktionär,1
Alexander Dobrindt,landesgruppenchef,1
Alexander Dobrindt,unsympathisch,1
Alexander Dobrindt,intrigant,1
Alexander Dobrindt,rechts,1
Alexander Dobrindt,maut,1
Alexander Dobrindt,negativschlagzeilen,1
Alexander Dobrindt,ehemaliger verkehrsminister,1
Alexander Dobrindt,minister,1
Alexander Dobrindt,cdu-politiker,1
Alexander Dobrindt,brille,1
Alexander Dobrindt,abgeordneter im bundestag,1
Alexander Gauland,afd,11
Alexander Gauland,politiker,8
Alexander Gauland,alt,2
Alexander Gauland,nazi,2
Alexander Gauland,populist,2
Alexander Gauland,rassismus,1
Alexander Gauland,gefahr,1
Alexander Gauland,rechts,1
Alexander Gauland,jurist,1
Alexander Gauland,faschist,1
Alexander Gauland,ehemals cdu,1
Alexander Gauland,lustig,1
Alexander Gauland,cdu,1
Alexander Gauland,rechtspopulist,1
Alexander Gauland,gebildet,1
Alexander Gauland,rechtsextrem,1
Alexander Gauland,ehemaliger vositzender der afd,1
Alexander Gauland,fliegenschiss,1
Alice Weidel,afd,12
Alice Weidel,lesbisch,7
Alice Weidel,rechts,3
Alice Weidel,politikerin,3
Alice Weidel,nazi,3
Alice Weidel,politik,2
Alice Weidel,deutschland,1
Alice Weidel,lebt mit einer frau zusammen,1
Alice Weidel,verheiratet,1
Alice Weidel,ausländerfeindlich,1
Alice Weidel,afd-politikerin,1
Alice Weidel,menschenfeindin,1
Alice Weidel,wohnt in der schweiz,1
Alice Weidel,rechtsradikal,1
Alice Weidel,empathielos,1
Alice Weidel,hinterhältig,1
Alice Weidel,bösartig,1
Alice Weidel,ex-unternehmerin,1
Alice Weidel,scharfe kritikerin im bundestag,1
Alice Weidel,spricht mandarin,1
Alice Weidel,schweiz,1
Alice Weidel,queer,1
Alice Weidel,kontrovers,1
Alice Weidel,scheiße-attacke,1
Alice Weidel,blöd,1
Alice Weidel,vorsitzende der afd,1
Alice Weidel,kommt aus der schweiz,1
Alice Weidel,power-frau,1
Alice Weidel,ökonomin,1
Alice Weidel,homosexuell,1
Alice Weidel,mutter,1
Alice Weidel,bundestagsabgeordnete,1
Andrea Nahles,spd,5
Andrea Nahles,politikerin,2
Andrea Nahles,ehemalige politikerin,2
Andrea Nahles,politiker,1
Andrea Nahles,ministerin,1
Andrea Nahles,ex-ministerin,1
Andrea Nahles,links,1
Andrea Nahles,ehemalige arbeitsministerin,1
Andrea Nahles,bundestag,1
Andrea Nahles,frau,1
Andrea Nahles,agentur für arbeit,1
Andrea Nahles,gesang,1
Andrea Nahles,weitestgehend unbekannt,1
Andrea Nahles,bundesministerium für arbeit,1
Andreas Scheuer,csu,4
Andreas Scheuer,politiker,3
Andreas Scheuer,cdu,3
Andreas Scheuer,maut,2
Andreas Scheuer,verkehrsminister,2
Andreas Scheuer,inkompetent,2
Andreas Scheuer,ehemaliger verkehrsminister,2
Andreas Scheuer,unnütz,1
Andreas Scheuer,politik,1
Andreas Scheuer,maut-skandal,1
Andreas Scheuer,korrupt,1
Andreas Scheuer,transport,1
Andreas Scheuer,unpopulär,1
Andreas Scheuer,ex-verskehrsminister,1
Andreas Scheuer,absolut inkompetent,1
Andreas Scheuer,beratungsresistent,1
Andreas Scheuer,korruption,1
Andreas Scheuer,bescheuert,1
Andreas Scheuer,verschwendung von steuergeldern für das mautprojekt,1
Andreas Scheuer,deutscher politiker,1
Andreas Scheuer,"""andi""",1
Angela Merkel,cdu,10
Angela Merkel,bundeskanzlerin,4
Angela Merkel,politik,3
Angela Merkel,raute,3
Angela Merkel,mutti,2
Angela Merkel,kanzlerin,2
Angela Merkel,deutschland,2
Angela Merkel,ehemalige bundeskanzlerin,2
Angela Merkel,"""wir schaffen das""",2
Angela Merkel,ex-kanzlerin,2
Angela Merkel,flüchtlingskrise,2
Angela Merkel,mächtigste frau der welt,1
Angela Merkel,cdu-politikerin,1
Angela Merkel,aus dem osten,1
Angela Merkel,bundeskanzlerin für 16 jahre,1
Angela Merkel,sehr starkes rollenmodell,1
Angela Merkel,erste frau im bundeskanzleramt,1
Angela Merkel,muddi,1
Angela Merkel,angst vor putins hund,1
Angela Merkel,politikerin,1
Angela Merkel,neoliberal,1
Angela Merkel,atomausstieg,1
Angela Merkel,machtbesessen,1
Angela Merkel,undurchsichtig,1
Angela Merkel,ehemalige deutsche kanzlerin,1
Angela Merkel,jetzt im ruhestand,1
Angela Merkel,bedächtig,1
Angela Merkel,uckermark,1
Angela Merkel,das internet ist für uns alle neuland,1
Angela Merkel,merkel-raute,1
Angela Merkel,ehemalige sed,1
Angela Merkel,ehemalige kanzlerin,1
Angela Merkel,fußball,1
Angela Merkel,physik,1
Angela Merkel,kanzlerin für 16 jahre,1
Angela Merkel,politischer stillstand,1
Angela Merkel,asylanten-krise,1
Angela Merkel,abschalten von atomkraftwerken,1
Angela Merkel,ddr,1
Annalena Baerbock,grüne,9
Annalena Baerbock,außenministerin,9
Annalena Baerbock,die grünen,3
Annalena Baerbock,politikerin,2
Annalena Baerbock,politik,2
Annalena Baerbock,inkompetent,1
Annalena Baerbock,deutschland,1
Annalena Baerbock,geldverschwenderin,1
Annalena Baerbock,blamabel,1
Annalena Baerbock,lebenslauf-skandal,1
Annalena Baerbock,die grüne,1
Annalena Baerbock,bundestag,1
Annalena Baerbock,ungebildet,1
Annalena Baerbock,sprachlich schlecht,1
Annalena Baerbock,milf,1
Annalena Baerbock,grün,1
Annalena Baerbock,verteidigungsministerin,1
Annalena Baerbock,ampel,1
Annalena Baerbock,modern,1
Annalena Baerbock,gebildet,1
Annalena Baerbock,zaghaft,1
Annalena Baerbock,deutsche außenministerin,1
Annalena Baerbock,sehr engagiert,1
Annalena Baerbock,weltweit unterwegs,1
Annalena Baerbock,trägt einfarbige kleider,1
Annalena Baerbock,scheut sich nicht klartext zu sprechen,1
Annalena Baerbock,verpeilt,1
Annalena Baerbock,hat lebenslauf gefälscht,1
Annalena Baerbock,politiker,1
Annalena Baerbock,"""feministische"" außenpolitik",1
Annalena Baerbock,hat ortskräfte in afghanistan verrecken lassen,1
Annalena Baerbock,ukraine-krieg,1
Annalena Baerbock,irgendwie fake,1
Annalena Baerbock,völlig unfähig,1
Annalena Baerbock,idiologin,1
Annalena Baerbock,schlechte englisch-sprachkenntnisse,1
Annalena Baerbock,plagiatorin,1
Anton Hofreiter,politiker,3
Anton Hofreiter,lange haare,3
Anton Hofreiter,grüner,2
Anton Hofreiter,grüne,2
Anton Hofreiter,grüne partei,1
Anton Hofreiter,schlechte frisur,1
Anton Hofreiter,grün,1
Anton Hofreiter,waffenlieferungen,1
Anton Hofreiter,biologe,1
Anton Hofreiter,grünen-politiker,1
Anton Hofreiter,bayer,1
Anton Hofreiter,verantwortungsvoll,1
Anton Hofreiter,intelligent,1
Anton Hofreiter,eigene sichtweise,1
Anton Hofreiter,frisur,1
Anton Hofreiter,bayern,1
Anton Hofreiter,bringt im interview immer klare,1
Anton Hofreiter,treffende äußerungen,1
Anton Hofreiter,bundestag,1
Anton Hofreiter,haare,1
Anton Hofreiter,rechtspopulistisch,1
Anton Hofreiter,corona-verschwörung,1
Anton Hofreiter,österreich,1
Anton Hofreiter,die grünen,1
Anton Hofreiter,doktor,1
Anton Hofreiter,politiker von den grünen,1
Anton Hofreiter,starke unterstützung für waffenlieferungen an die ukraine,1
Anton Hofreiter,bündnis 90,1
Anton Hofreiter,klimaidiologe,1
Anton Hofreiter,bundestagsabgeordneter,1
Armin Laschet,cdu,10
Armin Laschet,politiker,5
Armin Laschet,nrw,4
Armin Laschet,lachen,2
Armin Laschet,inkompetent,2
Armin Laschet,politik,2
Armin Laschet,kanzlerkandidat,2
Armin Laschet,ahrtal,1
Armin Laschet,skandal,1
Armin Laschet,dick,1
Armin Laschet,kein charisma,1
Armin Laschet,katastrophen-lacher,1
Armin Laschet,überschwemmung,1
Armin Laschet,unsouverän,1
Armin Laschet,ex-cdu spitzenkandidat,1
Armin Laschet,rechts,1
Armin Laschet,verlierer,1
Armin Laschet,söder,1
Armin Laschet,bundestagsabgeordneter,1
Armin Laschet,schlimm,1
Armin Laschet,gespannt,1
Armin Laschet,schüchtern,1
Armin Laschet,cdu-politiker,1
Armin Laschet,die wahlen verloren,1
Armin Laschet,ministerpräsident nrw,1
Armin Laschet,gescheiterter kanzlerkandidat,1
Armin Laschet,ehemaliger ministerpräsident nrw,1
Armin Laschet,video aus dem ahrtal als er während einer pressekonferenz im hintergrund lachte,1
Armin Laschet,deutscher politiker,1
Armin Laschet,ehemaliger kanzlerkandidat,1
Barack Obama,usa,5
Barack Obama,präsident,3
Barack Obama,amerikaner,2
Barack Obama,obamacare,2
Barack Obama,demokrat,2
Barack Obama,politiker,2
Barack Obama,friedensnobelpreis,2
Barack Obama,us-präsident,2
Barack Obama,weißes haus,2
Barack Obama,schwarz,2
Barack Obama,afroamerikaner,1
Barack Obama,erster schwarzer us-präsident,1
Barack Obama,verheiratet,1
Barack Obama,ehemaliger amerikanischer präsident,1
Barack Obama,hat die gesundheitsreform dort eingeführt,1
Barack Obama,sehr charismatisch,1
Barack Obama,ein vorbild,1
Barack Obama,waffenexporte,1
Barack Obama,ehemaliger us-präsident,1
Barack Obama,erster farbiger us-präsident,1
Barack Obama,kriegsverbrecher,1
Barack Obama,geschichte,1
Barack Obama,hunde,1
Barack Obama,politik,1
Barack Obama,erster people-of-color-präsident,1
Barack Obama,klug,1
Barack Obama,gebildet,1
Barack Obama,wiedergewählt,1
Barack Obama,ehemaliger us-amerikanischer präsident,1
Barack Obama,sympathisch,1
Barack Obama,schade dass er nicht mehr im amt ist,1
Barack Obama,ehemaliger präsident,1
Barack Obama,michelle obama,1
Barack Obama,ex-präsident,1
Barack Obama,erster schwarzer präsident der usa,1
Barack Obama,netflix-film,1
Barack Obama,demokraten,1
Barack Obama,drohenkönig,1
Barack Obama,friedensnobelpreisträger,1
Barack Obama,us-präsident 2008 bis 2016,1
Barack Obama,yes we can,1
Barack Obama,gute reden,1
Barack Obama,potus,1
Barack Obama,moderat,1
Barack Obama,souverän,1
Bastian Schweinsteiger,fußball,6
Bastian Schweinsteiger,fc bayern,6
Bastian Schweinsteiger,weltmeister,5
Bastian Schweinsteiger,fußballer,4
Bastian Schweinsteiger,bayern münchen,3
Bastian Schweinsteiger,bayern,2
Bastian Schweinsteiger,manchester united,2
Bastian Schweinsteiger,blond,2
Bastian Schweinsteiger,nationalmannschaft,2
Bastian Schweinsteiger,gutaussehend,2
Bastian Schweinsteiger,erfolg,1
Bastian Schweinsteiger,deutscher nationalspieler,1
Bastian Schweinsteiger,nationallmanschaft,1
Bastian Schweinsteiger,legende,1
Bastian Schweinsteiger,alt geworden,1
Bastian Schweinsteiger,funny frisch-werbung,1
Bastian Schweinsteiger,ex-fußballer,1
Bastian Schweinsteiger,leistungsträger,1
Bastian Schweinsteiger,kämpfer,1
Bastian Schweinsteiger,mittelfeldspieler,1
Bastian Schweinsteiger,england,1
Bastian Schweinsteiger,deutscher fußballspieler,1
Bastian Schweinsteiger,weltmeisterschaft 2014,1
Bastian Schweinsteiger,kapitän,1
Bastian Schweinsteiger,ehermaliger fußballer,1
Bastian Schweinsteiger,tv-experte,1
Bastian Schweinsteiger,nationalelf,1
Bastian Schweinsteiger,ehemaliger fußballspieler,1
Bastian Schweinsteiger,kommentator,1
Bastian Schweinsteiger,analyst,1
Bastian Schweinsteiger,"""schweini""",1
Bill Gates,microsoft,9
Bill Gates,reich,7
Bill Gates,windows,3
Bill Gates,computer,2
Bill Gates,unternehmer,2
Bill Gates,multimilliardär,1
Bill Gates,verschwörungen,1
Bill Gates,epstein,1
Bill Gates,amerika,1
Bill Gates,milliardär,1
Bill Gates,it,1
Bill Gates,viel geld,1
Bill Gates,stiftung,1
Bill Gates,berühmt,1
Bill Gates,antichrist,1
Bill Gates,kapitalist,1
Bill Gates,steve jobs,1
Bill Gates,geschieden,1
Bill Gates,master-mind,1
Bill Gates,philantrophist,1
Bill Gates,opfer von verschwörungserzählungen,1
Bill Gates,pionier,1
Bill Gates,computerentwickler,1
Bill Gates,mächtig,1
Bill Gates,sehr reich,1
Bill Gates,us-amerikaner,1
Bill Gates,erfinder,1
Bill Gates,corona-verschwörungen,1
Bill Gates,wohltätigkeit,1
Bill Gates,verschwörung (chips und corona),1
Bill Gates,atomenergie,1
Bill Gates,philanthrop,1
Bill Gates,gründer von microsoft,1
Bill Gates,bill and melinda gates foundation,1
Bill Gates,im zentrum zahlreicher verschwörungstheorien,1
Bill Gates,einer der reichsten menschen der welt,1
Bill Gates,epstein island,1
Bill Gates,clippy,1
Bill Gates,wef,1
Bill Gates,corona vaccines,1
Bill Gates,bluescreens,1
Björn Höcke,afd,11
Björn Höcke,politiker,4
Björn Höcke,faschist,4
Björn Höcke,nazi,3
Björn Höcke,thüringen,2
Björn Höcke,rechtsextrem,2
Björn Höcke,rassismus,1
Björn Höcke,gefahr,1
Björn Höcke,geschichtslehrer,1
Björn Höcke,rechts,1
Björn Höcke,populist,1
Björn Höcke,"""politiker""",1
Björn Höcke,regieren,1
Björn Höcke,cdu,1
Björn Höcke,ost,1
Björn Höcke,politker,1
Björn Höcke,unheimlich,1
Björn Höcke,verfassungsschutz,1
Björn Höcke,rechtspopulist,1
Björn Höcke,gefahr für die deutschland,1
Björn Höcke,sächsischer politiker,1
Björn Höcke,rechtsnational,1
Bodo Ramelow,thüringen,4
Bodo Ramelow,ministerpräsident,4
Bodo Ramelow,politiker,2
Bodo Ramelow,linke,2
Bodo Ramelow,die linke,2
Bodo Ramelow,thüringischer ministerpräsident,1
Bodo Ramelow,spd oder linke?,1
Bodo Ramelow,älterer mann,1
Bodo Ramelow,was mit fußball,1
Bodo Ramelow,integer,1
Bodo Ramelow,unkonventionell,1
Bodo Ramelow,ex-gewerkschafter,1
Bodo Ramelow,braunes haar,1
Bodo Ramelow,erfurt,1
Bodo Ramelow,ministerpräsident von thüringen,1
Bodo Ramelow,sympathisch,1
Cem Özdemir,grüne,7
Cem Özdemir,politiker,5
Cem Özdemir,politik,3
Cem Özdemir,minister,3
Cem Özdemir,bauernproteste,2
Cem Özdemir,umwelt,1
Cem Özdemir,bauern,1
Cem Özdemir,assimilation,1
Cem Özdemir,lase,1
Cem Özdemir,fährt mit dem fahrrad auf die arbeit,1
Cem Özdemir,ernährung,1
Cem Özdemir,südländer,1
Cem Özdemir,agrikultur,1
Cem Özdemir,landwirtschaftsminister,1
Cem Özdemir,grünen,1
Cem Özdemir,ruhig,1
Cem Özdemir,angenehm,1
Cem Özdemir,die grüne,1
Cem Özdemir,energiewende,1
Cem Özdemir,türkei,1
Cem Özdemir,spd,1
Cem Özdemir,traktor,1
Cem Özdemir,türkische abstammung,1
Cem Özdemir,bündnis die grünen,1
Cem Özdemir,agrarministerium,1
Cem Özdemir,fahrrad,1
Cem Özdemir,agrarminister,1
Cem Özdemir,fährt mit dem fahrrad zum bundestag,1
Cem Özdemir,deutscher landwirtschaftsminister,1
Cem Özdemir,stuttgart,1
Christian Drosten,corona,6
Christian Drosten,virologe,6
Christian Drosten,wissenschaftler,3
Christian Drosten,wissenschaft,2
Christian Drosten,professor,2
Christian Drosten,charité,2
Christian Drosten,ambivalent,1
Christian Drosten,lockenkopf,1
Christian Drosten,corona-update-podcast,1
Christian Drosten,wissenschaflter,1
Christian Drosten,medien,1
Christian Drosten,charité berlin,1
Christian Drosten,kompetenz,1
Christian Drosten,wissen,1
Christian Drosten,politik,1
Christian Drosten,doktor,1
Christian Drosten,pandemie,1
Christian Drosten,pcr-test,1
Christian Drosten,epidemiologe,1
Christian Drosten,covid,1
Christian Drosten,experte,1
Christian Drosten,podcast,1
Christian Drosten,berliner charité,1
Christian Drosten,führender experte für das coronavirus,1
Christian Drosten,deutscher virologe,1
Christian Lindner,fdp,11
Christian Lindner,finanzminister,7
Christian Lindner,politiker,4
Christian Lindner,suspekt,1
Christian Lindner,schuldenbremsengegner,1
Christian Lindner,fdp politiker,1
Christian Lindner,gutaussehend,1
Christian Lindner,steht für den abbau von bürokratie,1
Christian Lindner,konservativ,1
Christian Lindner,weltfremder liberaler,1
Christian Lindner,neoliberal,1
Christian Lindner,reaktionär,1
Christian Lindner,bildung,1
Christian Lindner,politik,1
Christian Lindner,parteivorsitzender,1
Christian Lindner,wirtschaftsliberal,1
Christian Lindner,unehrlich,1
Christian Lindner,schuldenbremse,1
Christian Lindner,sachlich,1
Christian Lindner,deutschland,1
Christian Lindner,umstritten,1
Christian Lindner,bundestag,1
Christian Lindner,haartransplantat,1
Christian Lindner,meritokratie,1
Christian Lindner,minister,1
Christian Lindner,korruption,1
Christian Lindner,haushaltssperre,1
Christian Lindner,fdp-politiker,1
Christian Lindner,bundesfinanzminister,1
Christian Lindner,porschefahrer,1
Christian Lindner,karriere-politiker,1
Christian Lindner,unglaubwürdig,1
Frank-Walter Steinmeier,bundespräsident,10
Frank-Walter Steinmeier,spd,6
Frank-Walter Steinmeier,politiker,3
Frank-Walter Steinmeier,deutschland,3
Frank-Walter Steinmeier,politik,3
Frank-Walter Steinmeier,cdu,2
Frank-Walter Steinmeier,brillenträger,1
Frank-Walter Steinmeier,grauhaarig,1
Frank-Walter Steinmeier,sehr fair,1
Frank-Walter Steinmeier,bundesminister,1
Frank-Walter Steinmeier,agenda 2010,1
Frank-Walter Steinmeier,kurnatz,1
Frank-Walter Steinmeier,neoliberal,1
Frank-Walter Steinmeier,moskau-connection,1
Frank-Walter Steinmeier,undurchsichtig,1
Frank-Walter Steinmeier,sehr engagiert,1
Frank-Walter Steinmeier,sehr bürgernah,1
Frank-Walter Steinmeier,sehr verständig,1
Frank-Walter Steinmeier,sehr geeignet für dieses wichtige amt,1
Frank-Walter Steinmeier,berlin,1
Frank-Walter Steinmeier,brille,1
Frank-Walter Steinmeier,nichtssagend,1
Frank-Walter Steinmeier,kanzlerkandidat,1
Frank-Walter Steinmeier,minister,1
Frank-Walter Steinmeier,präsident von deutschland,1
Frank-Walter Steinmeier,langweilige reden,1
Frank-Walter Steinmeier,unsympathisch,1
Franz Josef Strauß,csu,4
Franz Josef Strauß,politiker,3
Franz Josef Strauß,bayern,3
Franz Josef Strauß,verstorben,2
Franz Josef Strauß,ehemaliger bayerischer ministerpräsident,1
Franz Josef Strauß,milliardenkredit an ddr,1
Franz Josef Strauß,konrad adenauer,1
Franz Josef Strauß,bundesminister,1
Franz Josef Strauß,parteivorsitzender,1
Franz Josef Strauß,ministerpräsident,1
Franz Josef Strauß,legende,1
Franz Josef Strauß,intelligent,1
Franz Josef Strauß,machtmensch,1
Franz Josef Strauß,korpulent-stattlich,1
Franz Josef Strauß,tod,1
Franz Josef Strauß,2 dm-stück,1
Franz Josef Strauß,korruption,1
Franz Josef Strauß,ehemaliger bayrischer ministerpräsident,1
Franz Josef Strauß,kanzlerkandidat,1
Franz Josef Strauß,finanzminister westdeutschlands in den fünfzigern,1
Franz Josef Strauß,bayer,1
Franz Josef Strauß,sein kopf war auf dem 2- oder 5-markstück,1
Franz Josef Strauß,wirtschaftswunder,1
Franz Josef Strauß,zigarre?,1
Franziska Giffey,spd,7
Franziska Giffey,berlin,3
Franziska Giffey,politikerin,2
Franziska Giffey,familienminister,1
Franziska Giffey,politiker,1
Franziska Giffey,kabinett merkel,1
Franziska Giffey,bürgermeisterin berlin,1
Franziska Giffey,plagiat,1
Franziska Giffey,ehemalige familienministerin,1
Franziska Giffey,kinderstimme,1
Franziska Giffey,frau,1
Franziska Giffey,doktorarbeit,1
Franziska Giffey,wahlprobleme,1
Franziska Giffey,stellvertretende bürgermeisterin in berlin,1
Franziska Giffey,ehemals neukölln,1
Franziska Giffey,ehemals bundesministerin,1
Frauke Petry,afd,5
Frauke Petry,politikerin,3
Frauke Petry,nazi,2
Frauke Petry,rechts,2
Frauke Petry,habe ich als etwas dämlich abgespeichert,1
Frauke Petry,politik,1
Frauke Petry,konservativ,1
Frauke Petry,fdp-vorsitzende,1
Frauke Petry,osten,1
Frauke Petry,sechsfache mutter,1
Frauke Petry,unsympathisch,1
Frauke Petry,frühe afd,1
Frauke Petry,kurze haare,1
Frauke Petry,ehemalige afd-politikerin,1
Frauke Petry,wurde rausgeschmissen,1
Frauke Petry,"hat ""die blauen"" gegründet?",1
Frauke Petry,gutes englisch,1
Frauke Petry,ex-afd,1
Frauke Petry,steuerhinterziehung,1
Fredi Bobic,fußballer,2
Fredi Bobic,fc bayern,2
Fredi Bobic,manager,2
Fredi Bobic,ehemaliger fußballer,2
Fredi Bobic,nationalspieler,1
Fredi Bobic,ex-fußballspieler,1
Fredi Bobic,vfb stuttgart,1
Fredi Bobic,bundesliga,1
Fredi Bobic,aktuell manager glaube ich,1
Fredi Bobic,recht unscheinbar in meiner bubble,1
Fredi Bobic,fußballspieler,1
Fredi Bobic,fußballmanager,1
Fredi Bobic,hertha bsc,1
Friedrich Merz,cdu,7
Friedrich Merz,politiker,4
Friedrich Merz,lobbyist,2
Friedrich Merz,vorsitzender der cdu,2
Friedrich Merz,populist,2
Friedrich Merz,mittelstand,1
Friedrich Merz,privatjet,1
Friedrich Merz,black rock,1
Friedrich Merz,sexismus,1
Friedrich Merz,ausländerfeindlichkeit,1
Friedrich Merz,minister,1
Friedrich Merz,opposition,1
Friedrich Merz,aktueller cdu-chef,1
Friedrich Merz,rechts-radikal,1
Friedrich Merz,afd-freund,1
Friedrich Merz,csu,1
Friedrich Merz,koalitionsführer im bundestag,1
Friedrich Merz,altbacken,1
Friedrich Merz,arrogant,1
Friedrich Merz,ideenlos,1
Friedrich Merz,regieren,1
Friedrich Merz,schlimm,1
Friedrich Merz,groß,1
Friedrich Merz,brille,1
Friedrich Merz,privatflieger,1
Friedrich Merz,potenzieller kanzlerkandidat,1
Friedrich Merz,schwierige positionen,1
Friedrich Merz,rechts,1
Friedrich Merz,sauerland,1
George Bush,usa,5
George Bush,9/11,4
George Bush,präsident,3
George Bush,republikaner,3
George Bush,politiker,2
George Bush,kriegsverbrecher,2
George Bush,us-präsident,2
George Bush,irakkrieg,2
George Bush,amerika,1
George Bush,9. september,1
George Bush,irak,1
George Bush,lügner,1
George Bush,ehemaliger us-präsident,1
George Bush,gibt es als senior und junior,1
George Bush,amerikanischer präsident,1
George Bush,dumm,1
George Bush,rückschrittlich,1
George Bush,idiot,1
George Bush,ehemaliger us präsident,1
George Bush,patzer,1
George Bush,bill clinton,1
George Bush,weiße haus,1
George Bush,irak-krieg,1
George Bush,weitsicht,1
George Bush,wiedergewählt,1
George Bush,"george ""w."" bush",1
George Bush,ehemaliger us-amierikanischer präsident,1
George Bush,weißes haus,1
George Bush,ehemaliger präsident,1
George Bush,politik,1
George Bush,ex-präsident,1
George Bush,texas,1
George Bush,ex-präsident der usa,1
George Bush,konservativ,1
George Bush,öl-krieg,1
George Bush,gibts in der version junior und senior,1
George Bush,ehemaliger präsident der usa,1
George Bush,potus,1
George Bush,patriot act,1
George Bush,gefälschte beweise,1
Gerhard Schröder,spd,9
Gerhard Schröder,bundeskanzler,4
Gerhard Schröder,russland,4
Gerhard Schröder,politiker,4
Gerhard Schröder,gazprom,3
Gerhard Schröder,deutschland,2
Gerhard Schröder,ehemaliger bundeskanzler,2
Gerhard Schröder,ex-kanzler,2
Gerhard Schröder,putin,2
Gerhard Schröder,vorstandsmitglied,1
Gerhard Schröder,bundeskanzler außer dienst,1
Gerhard Schröder,russlandaffäre,1
Gerhard Schröder,lobbyist,1
Gerhard Schröder,russischer kolarobateur,1
Gerhard Schröder,landesverräter,1
Gerhard Schröder,funktionär,1
Gerhard Schröder,neoliberal,1
Gerhard Schröder,agenda 2010,1
Gerhard Schröder,russland-freund,1
Gerhard Schröder,aggressiv,1
Gerhard Schröder,rücksichtslos,1
Gerhard Schröder,oft verheiratet,1
Gerhard Schröder,alt-kanzler,1
Gerhard Schröder,ist für die wirtschaft tätig,1
Gerhard Schröder,nicht unumstritten,1
Gerhard Schröder,negativschlagzeilen,1
Gerhard Schröder,politik,1
Gerhard Schröder,altkanzler,1
Gerhard Schröder,niedersächsischer ex-ministerpräsident,1
Gerhard Schröder,korruption,1
Gerhard Schröder,russisches öl,1
Gerhard Schröder,toupet,1
Gerhard Schröder,flasche bier,1
Gerhard Schröder,deutscher kanzler während der nuller jahre,1
Gerhard Schröder,vater der hartziv-gesetze,1
Gerhard Schröder,abbau von arbeitnehmerrechten,1
Gerhard Schröder,abbau von sozialleistungen,1
Gerhard Schröder,genosse der bosse,1
Gerhard Schröder,gazprom-aufsichtsrat,1
Gerhard Schröder,eine flasche bier,1
Gerhard Schröder,lupenreiner demokrat,1
Greta Thunberg,fridays for future,9
Greta Thunberg,aktivistin,5
Greta Thunberg,klimaaktivistin,4
Greta Thunberg,umwelt,3
Greta Thunberg,schweden,3
Greta Thunberg,how dare you,2
Greta Thunberg,autistin,2
Greta Thunberg,jung,2
Greta Thunberg,segeln,1
Greta Thunberg,ambivalenz,1
Greta Thunberg,autismus,1
Greta Thunberg,umweltschutz,1
Greta Thunberg,asperga-syndrom,1
Greta Thunberg,palästinenser-sympathisantin,1
Greta Thunberg,seegelfahrt nach new york,1
Greta Thunberg,asperger,1
Greta Thunberg,schulstreik,1
Greta Thunberg,politik,1
Greta Thunberg,grün,1
Greta Thunberg,stursinnig,1
Greta Thunberg,proteste,1
Greta Thunberg,klimawandel,1
Greta Thunberg,twitter,1
Greta Thunberg,trump,1
Greta Thunberg,future,1
Greta Thunberg,junge frau,1
Greta Thunberg,engstirning,1
Greta Thunberg,schwedin,1
Greta Thunberg,klimaschutz,1
Guido Westerwelle,fdp,8
Guido Westerwelle,politiker,3
Guido Westerwelle,verstorben,2
Guido Westerwelle,ehemaliger politiker,2
Guido Westerwelle,leukämie,2
Guido Westerwelle,fallschirmsprung,1
Guido Westerwelle,kabinett,1
Guido Westerwelle,merkel,1
Guido Westerwelle,ex-fdp,1
Guido Westerwelle,vize-kanzler,1
Guido Westerwelle,clown,1
Guido Westerwelle,ex-außenminister,1
Guido Westerwelle,ehemaliger parteivorsitzender,1
Guido Westerwelle,bundestagsreden,1
Guido Westerwelle,außenminister,1
Guido Westerwelle,vizekanzler,1
Guido Westerwelle,schwul,1
Guido Westerwelle,nicht mehr aktiv,1
Guido Westerwelle,ehemaliger außenminister,1
Heiko Maas,politiker,6
Heiko Maas,spd,5
Heiko Maas,minister außer dienst,1
Heiko Maas,brillenträger,1
Heiko Maas,soziales,1
Heiko Maas,gutaussehend,1
Heiko Maas,lobbyist,1
Heiko Maas,außenpolitiker,1
Heiko Maas,cdu?,1
Heiko Maas,ex-außenminister,1
Heiko Maas,windig,1
Heiko Maas,inkompetent,1
Heiko Maas,jurist,1
Heiko Maas,fragwürdig,1
Heiko Maas,farblos,1
Heiko Maas,politik,1
Heiko Maas,konservativ,1
Heiko Maas,korruption,1
Heiko Maas,justizminister,1
Heiko Maas,spd-politiker,1
Heiko Maas,ehemaliger außenminister,1
Heiko Maas,gutsitzender anzug,1
Heiko Maas,bundestagsabgeordneter,1
Heinz-Christian Strache,österreich,2
Heinz-Christian Strache,ibiza-video,2
Heinz-Christian Strache,fpö,1
Heinz-Christian Strache,ibiza-skandal,1
Heinz-Christian Strache,kriminell,1
Heinz-Christian Strache,rechts,1
Heinz-Christian Strache,politik,1
Heinz-Christian Strache,österreichischer politiker?,1
Heinz-Christian Strache,kronenzeitung,1
Heinz-Christian Strache,ibiza,1
Heinz-Christian Strache,zurückgetretener politiker,1
Heinz-Christian Strache,bestechung,1
Heinz-Christian Strache,kokain,1
Helmut Kohl,cdu,10
Helmut Kohl,kanzler,3
Helmut Kohl,bundeskanzler,3
Helmut Kohl,ehemaliger bundeskanzler,3
Helmut Kohl,eu,2
Helmut Kohl,merkel,2
Helmut Kohl,politiker,2
Helmut Kohl,tot,2
Helmut Kohl,ex-bundeskanzler,2
Helmut Kohl,fettiges essen,1
Helmut Kohl,bekannt,1
Helmut Kohl,ehemaliger kanzler,1
Helmut Kohl,tod,1
Helmut Kohl,deutsche vereinigung,1
Helmut Kohl,steueraffäre,1
Helmut Kohl,mentor,1
Helmut Kohl,16 jahre kanzler,1
Helmut Kohl,rechts,1
Helmut Kohl,pfälzer,1
Helmut Kohl,biografie,1
Helmut Kohl,mauerfall,1
Helmut Kohl,bruderkuss,1
Helmut Kohl,einheit,1
Helmut Kohl,besser als merkel,1
Helmut Kohl,wiedervereinigug,1
Helmut Kohl,altkanzler,1
Helmut Kohl,vor meiner geburt tätig,1
Helmut Kohl,wiedervereinigung,1
Helmut Kohl,ehemaliger deutscher bundekanzler,1
Helmut Kohl,saumagen,1
Horst Seehofer,csu,6
Horst Seehofer,politiker,5
Horst Seehofer,bayern,3
Horst Seehofer,ministerpräsident bayern,2
Horst Seehofer,cdu,2
Horst Seehofer,unsympathisch,1
Horst Seehofer,großmaul,1
Horst Seehofer,kabinett merkel,1
Horst Seehofer,rechts-radikal,1
Horst Seehofer,ehemaliger ministerpräsident bayerns,1
Horst Seehofer,ständig wechselnde meinung,1
Horst Seehofer,angela merkel,1
Horst Seehofer,verabschiedung,1
Horst Seehofer,fast ein afdler,1
Horst Seehofer,im ruhestand,1
Horst Seehofer,bundesinnenminister,1
Horst Seehofer,modelleisenbahn,1
Horst Seehofer,geflüchtete,1
Horst Seehofer,"""die grünen"" spruch der zum meme geworden ist",1
Horst Seehofer,ehemaliger innenminister,1
Horst Seehofer,bayrischer politiker,1
Jens Spahn,cdu,10
Jens Spahn,gesundheit,3
Jens Spahn,corona,3
Jens Spahn,ehemaliger gesundheitsminister,3
Jens Spahn,schwul,2
Jens Spahn,maskenaffäre,2
Jens Spahn,ehemaliger minister,2
Jens Spahn,politiker,2
Jens Spahn,gesundheitsminister,2
Jens Spahn,masken,1
Jens Spahn,maskenskandal,1
Jens Spahn,inkompetent,1
Jens Spahn,bestechlich,1
Jens Spahn,masken-affäre,1
Jens Spahn,politik,1
Jens Spahn,nervig,1
Jens Spahn,extrem,1
Jens Spahn,pandemie,1
Jens Spahn,korruption,1
Jens Spahn,abgehoben,1
Jens Spahn,arrogant,1
Jens Spahn,betrug,1
Jens Spahn,reich,1
Jens Spahn,homosexuell,1
Jens Spahn,covid,1
Jens Spahn,deutscher politiker,1
Jens Spahn,ehemaliger minister unter merkel,1
Joschka Fischer,grüne,4
Joschka Fischer,vizekanzler,3
Joschka Fischer,außenminister,2
Joschka Fischer,schröder,2
Joschka Fischer,ehemaliger politiker,2
Joschka Fischer,politiker,1
Joschka Fischer,torte versus eier-skandal,1
Joschka Fischer,grün,1
Joschka Fischer,ehemaliger außenminister,1
Joschka Fischer,turnschuhe,1
Joschka Fischer,bündnis die grünen,1
Joschka Fischer,jogger,1
Joschka Fischer,die grünen,1
Joschka Fischer,ehemaliger grüner außenminister,1
Joschka Fischer,turnschuhe im bundestag,1
Joschka Fischer,umstrittene position im kosovo-konflikt,1
Julia Klöckner,politikerin,4
Julia Klöckner,cdu,4
Julia Klöckner,blond,2
Julia Klöckner,nicht zufällig bildungsministerin?,1
Julia Klöckner,csu,1
Julia Klöckner,neoliberal,1
Julia Klöckner,ex-landwirtschaftsministerin,1
Julia Klöckner,ex-weinkönigin,1
Julia Klöckner,farblos,1
Julia Klöckner,intrigant,1
Julia Klöckner,leere hülle,1
Julia Klöckner,funktionärin,1
Julia Klöckner,lobbyistin,1
Julia Klöckner,ministerin,1
Julia Klöckner,landwirtschaft?,1
Julia Klöckner,ihre angebliche nähe zu nahrungsmittelherstellern,1
Julia Klöckner,nicht unumstritten,1
Julia Klöckner,rlp,1
Julia Klöckner,agrar?,1
Julia Klöckner,bundestag,1
Julia Klöckner,korruption,1
Julia Klöckner,landwirtschaftsministerin,1
Julia Klöckner,bayrische politikerin,1
Julia Klöckner,schwarze haare,1
Julia Klöckner,bundestagsabgeordnete,1
Julia Klöckner,parteispitze,1
Julian Brandt,dortmund,4
Julian Brandt,fußballer,2
Julian Brandt,law,1
Julian Brandt,bremen,1
Julian Brandt,leverkusen,1
Julian Brandt,haare,1
Julian Brandt,fußballspieler,1
Julian Brandt,ausdauernd,1
Julian Brandt,integer,1
Julian Brandt,deutsche fußballspieler,1
Julian Brandt,bvb 09,1
Julian Brandt,hat einen bruder der auch fußballer ist,1
Julian Brandt,mittelfeld,1
Julian Brandt,blondschopf,1
Jérôme Boateng,fußballer,7
Jérôme Boateng,fußball,3
Jérôme Boateng,weltmeister,3
Jérôme Boateng,nationalmannschaft,2
Jérôme Boateng,fc bayern münchen,1
Jérôme Boateng,brille,1
Jérôme Boateng,fc bayern,1
Jérôme Boateng,schwarz,1
Jérôme Boateng,frauenschläger,1
Jérôme Boateng,deutscher nationalspieler,1
Jérôme Boateng,deutsche ligaspieler,1
Jérôme Boateng,bayern münchen,1
Jérôme Boateng,tod seiner frau,1
Jérôme Boateng,unsympathisch,1
Jérôme Boateng,arrogant,1
Jérôme Boateng,verteidigung,1
Jérôme Boateng,guter spieler,1
Jérôme Boateng,nationalspieler,1
Jérôme Boateng,ehemals fc bayern,1
Jérôme Boateng,skandal,1
Jérôme Boateng,anklage,1
Jérôme Boateng,fußballspieler,1
Jérôme Boateng,uhr,1
Jérôme Boateng,sport,1
Jérôme Boateng,afrika,1
Jérôme Boateng,deutschland,1
Jérôme Boateng,bayern,1
Jérôme Boateng,bruder,1
Jérôme Boateng,umstritten,1
Jérôme Boateng,ehemals beim hsv,1
Jérôme Boateng,strafverfahren,1
Jérôme Boateng,deutscher fußballspieler,1
Jérôme Boateng,berlin,1
Jérôme Boateng,jetzt italien,1
Jörg Meuthen,afd,4
Jörg Meuthen,politiker,3
Jörg Meuthen,ehemals afd,2
Jörg Meuthen,nazi,1
Jörg Meuthen,brille,1
Jörg Meuthen,politik,1
Jörg Meuthen,europa,1
Jörg Meuthen,rechts,1
Jörg Meuthen,aus der afd ausgeschlossen worden,1
Jörg Meuthen,deutscher politiker,1
Jörg Meuthen,rechtspopulistisch,1
Jürgen Klopp,liverpool,5
Jürgen Klopp,fußballtrainer,5
Jürgen Klopp,trainer,4
Jürgen Klopp,fußball,4
Jürgen Klopp,champions league,2
Jürgen Klopp,bvb,2
Jürgen Klopp,werbung,2
Jürgen Klopp,legende,1
Jürgen Klopp,vielleicht auch ehemaliger spieler,1
Jürgen Klopp,sport,1
Jürgen Klopp,ambitioniert,1
Jürgen Klopp,fußball-type,1
Jürgen Klopp,haartransplantation,1
Jürgen Klopp,zähne,1
Jürgen Klopp,brille,1
Jürgen Klopp,dortmund,1
Jürgen Klopp,sympathisch,1
Jürgen Klopp,unkonventionell,1
Jürgen Klopp,opel-werbung,1
Jürgen Klopp,ehemaliger fußballtrainer,1
Jürgen Klopp,jetzt in großbritannien als trainer (?),1
Jürgen Klopp,deutschland,1
Jürgen Klopp,bundestrainer,1
Jürgen Klopp,nationalmannschaft,1
Jürgen Klopp,ex-bundestrainer,1
Jürgen Klopp,dortmund meisterschaft,1
Jürgen Klopp,meisterschaft,1
Jürgen Klopp,deutsche werbeikone,1
Jürgen Klopp,opel,1
Jürgen Klopp,beliebt,1
Jürgen Klopp,erfolgreich,1
Jürgen Klopp,zahnimplantate,1
Jürgen Trittin,grüner,2
Jürgen Trittin,ehemaliger umweltminister,1
Jürgen Trittin,schlanke figur,1
Jürgen Trittin,fußballer,1
Jürgen Trittin,politiker,1
Jürgen Trittin,grün,1
Jürgen Trittin,neoliberal,1
Jürgen Trittin,stur,1
Jürgen Trittin,älter,1
Jürgen Trittin,zurückgezogen,1
Jürgen Trittin,alt-linker,1
Jürgen Trittin,ist jetzt altershalber nicht mehr im bundestag (?),1
Jürgen Trittin,grünen-politiker,1
Jürgen Trittin,schnurrbart,1
Jürgen Trittin,nichtssagend,1
Jürgen Trittin,die grünen,1
Jürgen Trittin,atomgegner,1
Jürgen Trittin,ehemaliger außenminister?,1
Jürgen Trittin,politiker der grünen,1
Jürgen Trittin,vor kurzem in rente gegangen?,1
Jürgen Trittin,anwalt?,1
Jürgen Trittin,groß,1
Karl Lauterbach,spd,11
Karl Lauterbach,gesundheitsminister,6
Karl Lauterbach,politiker,5
Karl Lauterbach,corona,4
Karl Lauterbach,gesundheit,4
Karl Lauterbach,arzt,2
Karl Lauterbach,politik,2
Karl Lauterbach,masken,1
Karl Lauterbach,talkshows,1
Karl Lauterbach,laberbacke,1
Karl Lauterbach,arrogant,1
Karl Lauterbach,links,1
Karl Lauterbach,gesundheitswesen,1
Karl Lauterbach,scholz,1
Karl Lauterbach,humorvoll,1
Karl Lauterbach,steuer,1
Karl Lauterbach,mary jane,1
Karl Lauterbach,minister,1
Karl Lauterbach,lügenbaron,1
Karl Lauterbach,wissenschaftler,1
Karl Lauterbach,aktueller gesundheitsminister,1
Karl Lauterbach,cannabislegalisierung,1
Karl Lauterbach,deutscher gesundheitsminister,1
Karl Lauterbach,cannabisfreigabe,1
Karl Lauterbach,krankenhausreform,1
Kevin Kühnert,spd,9
Kevin Kühnert,jung,3
Kevin Kühnert,politiker,3
Kevin Kühnert,jusos,2
Kevin Kühnert,links,1
Kevin Kühnert,juso,1
Kevin Kühnert,generalsekretär,1
Kevin Kühnert,sehr linkspolitisch,1
Kevin Kühnert,politik,1
Kevin Kühnert,wahl 2021,1
Kevin Kühnert,unerfahren,1
Kevin Kühnert,bundestag,1
Kevin Kühnert,vorstand,1
Kevin Kühnert,relativ jung,1
Kevin Kühnert,hat in der spd karriere gemacht,1
Kevin Kühnert,generalsekrätär der spd,1
Kevin Kühnert,berlin,1
Lionel Messi,argentinien,5
Lionel Messi,fußball,4
Lionel Messi,fußballer,3
Lionel Messi,weltmeister,2
Lionel Messi,fußballspieler,2
Lionel Messi,reich,2
Lionel Messi,legende,1
Lionel Messi,bester fußball jemals,1
Lionel Messi,gewinner,1
Lionel Messi,mehrfach fußballer des jahres,1
Lionel Messi,brasilianer,1
Lionel Messi,argentinischer fuballer,1
Lionel Messi,hat leider viele steuern hinterzogen,1
Lionel Messi,ansonsten ein fußballgott,1
Lionel Messi,fc bayern,1
Lionel Messi,weltmeisterschaft,1
Lionel Messi,hohlbirne,1
Lionel Messi,rekord,1
Lionel Messi,miami,1
Lionel Messi,star,1
Lionel Messi,torschütze,1
Lionel Messi,selbstbezogen,1
Lionel Messi,hochbezahlter fußballstar,1
Lionel Messi,spieler,1
Lionel Messi,sehr berühmter spieler,1
Lionel Messi,madrid,1
Lionel Messi,berühmt,1
Lionel Messi,weltfußballer,1
Lionel Messi,weltmeisterschaft mit argentinien gewonnen,1
Lionel Messi,spielt jetzt in florida,1
Lionel Messi,fußballer des jahres,1
Lionel Messi,talentiert,1
Lukas Podolski,fußballer,7
Lukas Podolski,fußball,4
Lukas Podolski,döner,4
Lukas Podolski,köln,4
Lukas Podolski,nationalmannschaft,3
Lukas Podolski,weltmeister,2
Lukas Podolski,fc bayern,2
Lukas Podolski,polen,2
Lukas Podolski,fc köln,2
Lukas Podolski,fußballspieler,2
Lukas Podolski,abitur,1
Lukas Podolski,kopfball,1
Lukas Podolski,lustig,1
Lukas Podolski,galatasaray,1
Lukas Podolski,nationalspieler,1
Lukas Podolski,nationallmanschaft,1
Lukas Podolski,weltmeisterschaft,1
Lukas Podolski,dönerladen,1
Lukas Podolski,stürmer,1
Lukas Podolski,ehrlich,1
Lukas Podolski,witzig,1
Lukas Podolski,unterhaltsam,1
Lukas Podolski,nutella,1
Lukas Podolski,dönerbude,1
Lukas Podolski,"""schweini""-""poldi""-duo in der nationalmannschaft",1
Manuela Schwesig,spd,4
Manuela Schwesig,politikerin,2
Manuela Schwesig,politiker,1
Manuela Schwesig,ministerin,1
Manuela Schwesig,ministerpräsientin mecklenburg,1
Manuela Schwesig,ruhig,1
Manuela Schwesig,nahbar,1
Manuela Schwesig,familie,1
Manuela Schwesig,krebs,1
Manuela Schwesig,ministerpräsidentin,1
Manuela Schwesig,ministerpräsidentin in mecklenburg,1
Manuela Schwesig,frankurt an der oder,1
Markus Söder,csu,9
Markus Söder,politiker,7
Markus Söder,bayern,7
Markus Söder,cdu,3
Markus Söder,ministerpräsident bayern,2
Markus Söder,konservativ,2
Markus Söder,politiker(?),1
Markus Söder,deutschland,1
Markus Söder,kreuz in der schule,1
Markus Söder,patriotisch,1
Markus Söder,bier,1
Markus Söder,nürnberg,1
Markus Söder,oktoberfest,1
Markus Söder,kanzlerkandidat,1
Markus Söder,reaktionär,1
Markus Söder,ministerpräsident,1
Markus Söder,stühle-säger,1
Markus Söder,backstabber,1
Markus Söder,bayer,1
Markus Söder,unberechenbar,1
Markus Söder,stattliche erscheinung,1
Markus Söder,streng,1
Markus Söder,wurst,1
Markus Söder,kreuze in amtsstuben,1
Markus Söder,rechtskonservativ,1
Markus Söder,unsympathisch,1
Markus Söder,christlich,1
Markus Söder,ministerpräsident von bayern,1
Markus Söder,spielt gerne mit modelleisenbahnen,1
Markus Söder,fähnchen im wind,1
Markus Söder,inkonsistent,1
Markus Söder,opportunist,1
Miroslav Klose,fußballer,8
Miroslav Klose,nationalmannschaft,3
Miroslav Klose,weltmeister,2
Miroslav Klose,pole,2
Miroslav Klose,weltmeisterschaft,2
Miroslav Klose,fußball,2
Miroslav Klose,legende,1
Miroslav Klose,rekordhalter,1
Miroslav Klose,bayern münchen,1
Miroslav Klose,weltmeisterschaft gewonnen (2014?),1
Miroslav Klose,reich,1
Miroslav Klose,sport,1
Miroslav Klose,dumm,1
Miroslav Klose,fußballspieler,1
Miroslav Klose,salto,1
Miroslav Klose,bremen,1
Miroslav Klose,stürmer,1
Miroslav Klose,weltmeisterschaft 2014,1
Miroslav Klose,offensiv-spieler,1
Miroslav Klose,integer,1
Miroslav Klose,sympathisch,1
Miroslav Klose,deutschland,1
Miroslav Klose,deutsches nationalteam,1
Miroslav Klose,guter spieler,1
Miroslav Klose,fußballprofi,1
Miroslav Klose,nationalspieler,1
Miroslav Klose,brünett,1
Miroslav Klose,köpper,1
Miroslav Klose,ehemaliger deutscher nationalspieler,1
Miroslav Klose,torschützenkönig der fußballweltmeisterschaft 2002,1
Miroslav Klose,werder bremen,1
Miroslav Klose,fußball-legende,1
Miroslav Klose,holzbein-klose,1
Miroslav Klose,torjäger,1
Miroslav Klose,fc bayern münchen,1
Miroslav Klose,fußballweltmeister,1
Olaf Scholz,bundeskanzler,8
Olaf Scholz,spd,5
Olaf Scholz,cumex,2
Olaf Scholz,vergesslich,2
Olaf Scholz,cumex-skandal,2
Olaf Scholz,deutscher bundeskanzler,2
Olaf Scholz,politiker,2
Olaf Scholz,hamburg,2
Olaf Scholz,kanzler,1
Olaf Scholz,vergisst dinge,1
Olaf Scholz,politik für alte generationen,1
Olaf Scholz,korruption,1
Olaf Scholz,fehlendes charisma,1
Olaf Scholz,erinnerungslücken-meister,1
Olaf Scholz,cumex-skandal-vertuscher,1
Olaf Scholz,inkompetenz,1
Olaf Scholz,ehemaliger bürgermeister von hamburg,1
Olaf Scholz,spd-mitglied,1
Olaf Scholz,ehemaliger finanzminister,1
Olaf Scholz,idiot,1
Olaf Scholz,arrogant,1
Olaf Scholz,unwissend,1
Olaf Scholz,dreist,1
Olaf Scholz,links,1
Olaf Scholz,inkompetent,1
Olaf Scholz,partei spd,1
Olaf Scholz,versteckt die wahrheit,1
Olaf Scholz,schwach,1
Olaf Scholz,deutschland,1
Olaf Scholz,cumex-affäre,1
Olaf Scholz,politker,1
Olaf Scholz,schlechte wahlprognosen,1
Olaf Scholz,demokrat,1
Olaf Scholz,ruhig,1
Olaf Scholz,oft unsichtbar,1
Olaf Scholz,sozialdemokrat,1
Peer Steinbrück,politiker,2
Peer Steinbrück,spd,2
Peer Steinbrück,spd?,1
Peer Steinbrück,ehemaliger minister?,1
Peer Steinbrück,ehemaliger parteivorsitzender,1
Peer Steinbrück,spd-politiker,1
Peer Steinbrück,ehemaliger kanzlerkandidat,1
Peer Steinbrück,neoliberal,1
Peer Steinbrück,streng,1
Peer Steinbrück,ex-finanzminister,1
Peer Steinbrück,integer,1
Peer Steinbrück,zahlenmensch,1
Peer Steinbrück,pragmatiker,1
Peer Steinbrück,bekannt,1
Peer Steinbrück,norddeutschland,1
Peer Steinbrück,spd-politker,1
Peer Steinbrück,war vor 10 jahren mal kanzlerkandidat,1
Peer Steinbrück,mittelfinger auf dem spiegelcover,1
Peer Steinbrück,ehemaliger bundestagsabgeordneter,1
Peer Steinbrück,kanzlerkandidat,1
Philipp Amthor,cdu,10
Philipp Amthor,politiker,4
Philipp Amthor,jung,4
Philipp Amthor,peinlich,2
Philipp Amthor,korrupt,2
Philipp Amthor,brille,1
Philipp Amthor,csu,1
Philipp Amthor,skandal,1
Philipp Amthor,verhält sich als wäre er ü60,1
Philipp Amthor,meme,1
Philipp Amthor,nicht ernst zunehmen,1
Philipp Amthor,poltiker,1
Philipp Amthor,politik,1
Philipp Amthor,abgeordneter,1
Philipp Amthor,ego,1
Philipp Amthor,medien,1
Philipp Amthor,nervig,1
Philipp Amthor,konservativ,1
Philipp Amthor,deutscher politiker,1
Philipp Amthor,augustus intelligence,1
Rainer Brüderle,politiker,3
Rainer Brüderle,fdp,2
Rainer Brüderle,wirtschaftsminister,2
Rainer Brüderle,grüner,1
Rainer Brüderle,sexist,1
Rainer Brüderle,gemütlich,1
Rainer Brüderle,qualifiziert,1
Rainer Brüderle,zurückgezogen,1
Rainer Brüderle,spd,1
Recep Tayyip Erdoğan,türkei,7
Recep Tayyip Erdoğan,präsident,5
Recep Tayyip Erdoğan,politiker,5
Recep Tayyip Erdoğan,türkischer präsident,3
Recep Tayyip Erdoğan,diktator,2
Recep Tayyip Erdoğan,dumm,1
Recep Tayyip Erdoğan,chaos,1
Recep Tayyip Erdoğan,schlechte politik,1
Recep Tayyip Erdoğan,respekt,1
Recep Tayyip Erdoğan,angehender diktator,1
Recep Tayyip Erdoğan,goat-gedicht,1
Recep Tayyip Erdoğan,populist,1
Recep Tayyip Erdoğan,regierungschef der türkei,1
Recep Tayyip Erdoğan,korrupt,1
Recep Tayyip Erdoğan,politik,1
Recep Tayyip Erdoğan,extremismus,1
Recep Tayyip Erdoğan,aufruhr,1
Recep Tayyip Erdoğan,kriminell,1
Recep Tayyip Erdoğan,mörder,1
Recep Tayyip Erdoğan,rückständig,1
Recep Tayyip Erdoğan,diktatorisch,1
Recep Tayyip Erdoğan,authoritär,1
Recep Tayyip Erdoğan,partei akp,1
Recep Tayyip Erdoğan,konservativ,1
Recep Tayyip Erdoğan,kontrovers,1
Recep Tayyip Erdoğan,islamistisch,1
Recep Tayyip Erdoğan,tendiert zur diktatur,1
Recep Tayyip Erdoğan,machtmensch,1
Recep Tayyip Erdoğan,konflikte,1
Recep Tayyip Erdoğan,durchsetzungsstark,1
Recep Tayyip Erdoğan,autoritär,1
Recep Tayyip Erdoğan,gegen meinungsfreiheit,1
Recep Tayyip Erdoğan,nato,1
Recep Tayyip Erdoğan,autokrat,1
Recep Tayyip Erdoğan,egoistisch,1
Recep Tayyip Erdoğan,undemokratisch,1
Recep Tayyip Erdoğan,präsident der türkei,1
Recep Tayyip Erdoğan,rechtskonservativ,1
Renate Künast,politikerin,3
Renate Künast,grüne,2
Renate Künast,politiker,2
Renate Künast,die grünen,2
Renate Künast,öko,1
Renate Künast,spd-vorsitzende,1
Renate Künast,berlin,1
Renate Künast,bündnis die grünen,1
Renate Künast,arrogant,1
Renate Künast,bundestag,1
Renate Künast,ehemaliger politikerin,1
Renate Künast,politikerin der grünen,1
Renate Künast,miglied des bundestages,1
Renate Künast,schon lange dabei,1
Robert Habeck,politiker,5
Robert Habeck,die grünen,4
Robert Habeck,wirtschaftsminister,4
Robert Habeck,grüne,3
Robert Habeck,minister,2
Robert Habeck,umwelt,2
Robert Habeck,deutschland,1
Robert Habeck,skandale,1
Robert Habeck,grüner,1
Robert Habeck,umweltminister,1
Robert Habeck,wirtschaft,1
Robert Habeck,gesundheitsminister,1
Robert Habeck,politik,1
Robert Habeck,vertrottelt,1
Robert Habeck,weltfremd,1
Robert Habeck,grün,1
Robert Habeck,bundeswirtschaftsminister,1
Robert Habeck,neoliberal,1
Robert Habeck,integer,1
Robert Habeck,staatsmännisch,1
Robert Habeck,grünen-politiker,1
Robert Habeck,intelligent,1
Robert Habeck,durchsetzungsfähig,1
Robert Habeck,spd,1
Robert Habeck,war in der energiekrise weltweit unterwegs,1
Robert Habeck,sehr engagiert,1
Robert Habeck,lübeck,1
Robert Habeck,bundestag,1
Robert Habeck,ziel einer bauern-protest-attacke,1
Robert Habeck,kinderbücher,1
Robert Habeck,deutscher politiker der grünen,1
Robert Habeck,schaut irgendwie traurig aus,1
Robert Habeck,kinderbuchautor,1
Robert Habeck,irrational,1
Robert Habeck,ungebildet,1
Robert Habeck,idiologe,1
Robert Habeck,unfähig,1
Rosi Mittermaier,wintersport,2
Rosi Mittermaier,skifahren,1
Rosi Mittermaier,siegerin,1
Rosi Mittermaier,skifahrerin,1
Rosi Mittermaier,olympiasiegerin,1
Rosi Mittermaier,authentisch,1
Rosi Mittermaier,verstorben,1
Rosi Mittermaier,ehemaliger sportlerin,1
Rosi Mittermaier,sohn felix neureuther,1
Rosi Mittermaier,deutsche skifahrerin,1
Rosi Mittermaier,rennläuferin,1
Rosi Mittermaier,goldmedailien,1
Rosi Mittermaier,kommentatorin,1
Sahra Wagenknecht,linke,6
Sahra Wagenknecht,politikerin,5
Sahra Wagenknecht,links,2
Sahra Wagenknecht,bsw,2
Sahra Wagenknecht,die linke,2
Sahra Wagenknecht,deutschland,1
Sahra Wagenknecht,frau,1
Sahra Wagenknecht,neue partei gegründet,1
Sahra Wagenknecht,ehemals linke,1
Sahra Wagenknecht,hat neue partein gründen wollen,1
Sahra Wagenknecht,steht für ideale,1
Sahra Wagenknecht,sarah wagenknecht partei,1
Sahra Wagenknecht,kommunisten,1
Sahra Wagenknecht,lafontaine,1
Sahra Wagenknecht,grüne,1
Sahra Wagenknecht,ausgetreten,1
Sahra Wagenknecht,russland-freundin,1
Sahra Wagenknecht,propagandistin,1
Sahra Wagenknecht,intrigant,1
Sahra Wagenknecht,narzisstisch,1
Sahra Wagenknecht,korrupt,1
Sahra Wagenknecht,gründerin neuer partei,1
Sahra Wagenknecht,kostüm,1
Sahra Wagenknecht,schwarze haare,1
Sahra Wagenknecht,hat eigene partei gegründet,1
Sahra Wagenknecht,nicht unumstritten,1
Sahra Wagenknecht,ex-linke,1
Sahra Wagenknecht,neues bündnis,1
Sahra Wagenknecht,bündnis aufstehen,1
Sahra Wagenknecht,neue parteigründung,1
Sahra Wagenknecht,russland-freundlich,1
Sahra Wagenknecht,juristin,1
Sahra Wagenknecht,jung,1
Sahra Wagenknecht,kontrovers,1
Sahra Wagenknecht,deutsche politikerin,1
Sahra Wagenknecht,geboren in der ddr,1
Sahra Wagenknecht,persische wurzeln,1
Sahra Wagenknecht,ehemalige partei die linke jetzt bsw,1
Sahra Wagenknecht,gebildet,1
Sahra Wagenknecht,eigene partei,1
Sebastian Vettel,formel 1,8
Sebastian Vettel,red bull,4
Sebastian Vettel,ferrari,3
Sebastian Vettel,weltmeister,3
Sebastian Vettel,deutsch,3
Sebastian Vettel,rennfahrer,2
Sebastian Vettel,formel 1-fahrer,2
Sebastian Vettel,shampoo,1
Sebastian Vettel,sieger,1
Sebastian Vettel,jüngster weltmeister,1
Sebastian Vettel,michael schuhmacher,1
Sebastian Vettel,talent,1
Sebastian Vettel,formel 1-rennfahrer,1
Sebastian Vettel,formula,1
Sebastian Vettel,fahrer,1
Sebastian Vettel,erfolgreich,1
Sebastian Vettel,rennsport,1
Sebastian Vettel,schlank,1
Sebastian Vettel,ehemaliger formel 1-fahrer,1
Sebastian Vettel,positives engagement,1
Sebastian Vettel,autorennfahrer,1
Sigmar Gabriel,spd,10
Sigmar Gabriel,politiker,7
Sigmar Gabriel,dick,2
Sigmar Gabriel,außenminister,2
Sigmar Gabriel,durchsetzungsfähig,1
Sigmar Gabriel,ehemals außenminister,1
Sigmar Gabriel,ehemaliger minister,1
Sigmar Gabriel,vize-kanzler,1
Sigmar Gabriel,ehemaliger politiker,1
Sigmar Gabriel,partei spd,1
Sigmar Gabriel,ministerpräsident,1
Sigmar Gabriel,minister,1
Sigmar Gabriel,dicker mann,1
Sigmar Gabriel,besonnen,1
Sigmar Gabriel,schwarze haare,1
Sigmar Gabriel,ehemaliger minister?,1
Sigmar Gabriel,ehemaliger außenminister,1
Sigmar Gabriel,ehemals vizekanzler,1
Thomas De Maizière,cdu,4
Thomas De Maizière,politiker,4
Thomas De Maizière,minister,2
Thomas De Maizière,verteidigungsminister,1
Thomas De Maizière,diverse affären,1
Thomas De Maizière,ex-verteidigungsminister,1
Thomas De Maizière,rechts,1
Thomas De Maizière,krise,1
Thomas De Maizière,innenminister,1
Thomas De Maizière,ehemaliger minister,1
Thomas De Maizière,professor,1
Thomas De Maizière,ehemals politiker,1
Thomas De Maizière,war verteidigungsminister,1
Thomas Müller,fußballer,7
Thomas Müller,fc bayern,4
Thomas Müller,fußball,3
Thomas Müller,bayern münchen,3
Thomas Müller,fc bayern münchen,2
Thomas Müller,fußballspieler,2
Thomas Müller,weltmeister,2
Thomas Müller,nationalmannschaft,2
Thomas Müller,bayern,2
Thomas Müller,erfolg,1
Thomas Müller,stärke,1
Thomas Müller,witzig,1
Thomas Müller,prototyp-deutscher,1
Thomas Müller,deutscher nationalspieler,1
Thomas Müller,mann ohne muskeln,1
Thomas Müller,lustig,1
Thomas Müller,deutsch,1
Thomas Müller,weltmeister-sieger,1
Thomas Müller,natürlich ehrlich,1
Thomas Müller,erfolgreich,1
Thomas Müller,europameister,1
Thomas Müller,ur-bayer,1
Thomas Müller,werbung,1
Thomas Müller,deutschland gegen brasilien 7 zu 1,1
Thomas Müller,deutschland,1
Thomas Müller,humorvoll,1
Thomas Müller,entspannt,1
Thomas Müller,bayrisch,1
Thomas Müller,erfahrung,1
Thomas Müller,nationalspieler,1
Uli Hoeneß,steuerhinterziehung,6
Uli Hoeneß,fc bayern,5
Uli Hoeneß,bayern,4
Uli Hoeneß,fußball,4
Uli Hoeneß,gefängnis,2
Uli Hoeneß,bayern münchen,2
Uli Hoeneß,trainer,2
Uli Hoeneß,manager,2
Uli Hoeneß,funktionär,2
Uli Hoeneß,steuern,1
Uli Hoeneß,geld,1
Uli Hoeneß,dick,1
Uli Hoeneß,korrupt,1
Uli Hoeneß,präsident,1
Uli Hoeneß,arrogant,1
Uli Hoeneß,erfolgsbesessen,1
Uli Hoeneß,em-finale jugoslawien,1
Uli Hoeneß,ehemaliger fußballer,1
Uli Hoeneß,vereinspräsident,1
Uli Hoeneß,steuerskandal,1
Uli Hoeneß,steuer,1
Uli Hoeneß,betrug,1
Uli Hoeneß,politik,1
Uli Hoeneß,fussball,1
Uli Hoeneß,gefängnissstrafe,1
Uli Hoeneß,betrüger,1
Uli Hoeneß,arrgoant,1
Uli Hoeneß,gefängnisaufenthalt,1
Uli Hoeneß,ehemaliger fußballspieler,1
Uli Hoeneß,unternehmer,1
Uli Hoeneß,wurstfabrikant,1
Ursula von der Leyen,cdu,6
Ursula von der Leyen,politik,3
Ursula von der Leyen,politikerin,3
Ursula von der Leyen,europa,2
Ursula von der Leyen,ehemalige verteidigungsministerin,2
Ursula von der Leyen,viele kinder,2
Ursula von der Leyen,eu,2
Ursula von der Leyen,verteidigungsministerin,2
Ursula von der Leyen,deutsch,1
Ursula von der Leyen,heuchlerin,1
Ursula von der Leyen,eu-kommissarin,1
Ursula von der Leyen,eu-chefin,1
Ursula von der Leyen,sehr engagiert,1
Ursula von der Leyen,die linke,1
Ursula von der Leyen,bundestag,1
Ursula von der Leyen,verteidigunsministerin,1
Ursula von der Leyen,familienministerin,1
Ursula von der Leyen,inkompetent,1
Ursula von der Leyen,verteidigung,1
Ursula von der Leyen,chefin der eu-kommission,1
Ursula von der Leyen,international,1
Ursula von der Leyen,brüssel,1
Ursula von der Leyen,spricht sehr gut englisch,1
Ursula von der Leyen,verhandelt weltweit,1
Ursula von der Leyen,deutschland,1
Ursula von der Leyen,europaparlament,1
Ursula von der Leyen,martin sonneborn,1
Ursula von der Leyen,hannover,1
Ursula von der Leyen,konservativ,1
Ursula von der Leyen,europapolitik,1
Ursula von der Leyen,ehemalige familienministerin,1
Ursula von der Leyen,eu-kommission,1
Ursula von der Leyen,rainald grebe,1
Ursula von der Leyen,zensursula,1
Ursula von der Leyen,präsidentin der eu-komission,1
Ursula von der Leyen,spricht deutsch fließend,1
Ursula von der Leyen,spricht englisch fließend,1
Ursula von der Leyen,spricht französisch fließend,1
Ursula von der Leyen,europa-vorsitzende,1
Ursula von der Leyen,kinderreich,1
Ursula von der Leyen,mutter,1
Ursula von der Leyen,wef,1
Vladimir Putin,russland,7
Vladimir Putin,präsident,4
Vladimir Putin,krieg,4
Vladimir Putin,russischer präsident,4
Vladimir Putin,diktator,3
Vladimir Putin,ukrainekrieg,2
Vladimir Putin,ukraine-krieg,2
Vladimir Putin,gefahr,1
Vladimir Putin,alarm,1
Vladimir Putin,atombombe,1
Vladimir Putin,kgb,1
Vladimir Putin,autorität,1
Vladimir Putin,kriegserklärer,1
Vladimir Putin,kriegsverbrecher,1
Vladimir Putin,unterdrücker,1
Vladimir Putin,jelzin,1
Vladimir Putin,suspekt,1
Vladimir Putin,memes,1
Vladimir Putin,kriminell,1
Vladimir Putin,mörder,1
Vladimir Putin,faschist,1
Vladimir Putin,machtbesessen,1
Vladimir Putin,diktatorisch,1
Vladimir Putin,oligarch,1
Vladimir Putin,politiker,1
Vladimir Putin,agressiv,1
Vladimir Putin,wirtschaft,1
Vladimir Putin,ukraine,1
Vladimir Putin,klare worte,1
Vladimir Putin,durchsetzungsstark,1
Vladimir Putin,"""gewählter"" diktator",1
Vladimir Putin,keine meinungsfreiheit,1
Vladimir Putin,langer tisch,1
Vladimir Putin,autokrat,1
Vladimir Putin,antidemokratisch,1
Vladimir Putin,krieg gegen die ukraine,1
Vladimir Putin,skrupellos,1
Vladimir Putin,ehemals kgb,1
Vladimir Putin,spricht deutsch,1
Volker Beck,politiker,1
Volker Beck,grün,1
Volker Beck,grüner,1
Volker Beck,gleichstellungspolitik,1
Volker Beck,fair,1
Volker Beck,integer,1
Volker Beck,spd,1
Volker Beck,unrasiert,1
Volker Beck,warze,1
Volker Beck,grüner politiker aus berlin,1
Volker Beck,starkes engagement für israel,1
Volker Beck,wurde mal mit meth erwischt,1
Winfried Kretschmann,baden-württemberg,3
Winfried Kretschmann,ministerpräsident,2
Winfried Kretschmann,grüner,1
Winfried Kretschmann,alt,1
Winfried Kretschmann,grauhaarig,1
Winfried Kretschmann,cdu in baden-württemberg,1
Winfried Kretschmann,landeschef?,1
Winfried Kretschmann,politiker,1
Winfried Kretschmann,grün,1
Winfried Kretschmann,reaktionär,1
Winfried Kretschmann,schwabe,1
Winfried Kretschmann,original,1
Winfried Kretschmann,landesvater,1
Winfried Kretschmann,gemütlich,1
Winfried Kretschmann,"""the länd""-kampagne",1
Winfried Kretschmann,besondere sprechweise,1
Winfried Kretschmann,schwabenland,1
Winfried Kretschmann,grüne-politiker,1
Winfried Kretschmann,geht bald in den ruhestand,1
Winfried Kretschmann,die grünen,1
Winfried Kretschmann,weiße haare,1
Winfried Kretschmann,deutscher handballer?,1
Winfried Kretschmann,viele piercings,1
Winfried Kretschmann,handballweltmeister,1
Wolfgang Kubicki,fdp,4
Wolfgang Kubicki,politiker,2
Wolfgang Kubicki,hat was mit fußball zu tun,1
Wolfgang Kubicki,ich glaube etwas rückschrittlich was die einführung neuer regeln angeht,1
Wolfgang Kubicki,libertär,1
Wolfgang Kubicki,alkohol,1
Wolfgang Kubicki,cholerisch,1
Wolfgang Kubicki,unsympathisch,1
Wolfgang Kubicki,intrigant,1
Wolfgang Kubicki,bundestag,1
Wolfgang Kubicki,fdp-politiker,1
Wolfgang Kubicki,aus schleswig-holstein,1
Wolfgang Kubicki,amüsant,1
Wolfgang Kubicki,ehrlich,1
Wolfgang Schäuble,cdu,7
Wolfgang Schäuble,politiker,5
Wolfgang Schäuble,rollstuhl,4
Wolfgang Schäuble,verstorben,2
Wolfgang Schäuble,finanzminister,2
Wolfgang Schäuble,vor kurzem gestorben,2
Wolfgang Schäuble,cdu-politiker,1
Wolfgang Schäuble,kürzlich verstorben,1
Wolfgang Schäuble,steht für die schwarze null,1
Wolfgang Schäuble,war im rollstuhl,1
Wolfgang Schäuble,aufgrund eines anschlags konnte er auch nie kanzler werden,1
Wolfgang Schäuble,uralt,1
Wolfgang Schäuble,neoliberal,1
Wolfgang Schäuble,troika,1
Wolfgang Schäuble,griechenlandzerstörung,1
Wolfgang Schäuble,korrupt,1
Wolfgang Schäuble,tot,1
Wolfgang Schäuble,gestorben,1
Wolfgang Schäuble,cdu-spendenaffäre,1
Wolfgang Schäuble,graue eminenz,1
Wolfgang Schäuble,attentatsopfer,1
Wolfgang Schäuble,vor kurzem verstorben,1
Wolfgang Schäuble,sehr langjähriger abgeordneter,1
Wolfgang Schäuble,hat große verdienste für deutschland erworben,1
Wolfgang Schäuble,sehr engagiert bis zuletzt,1
Wolfgang Schäuble,schwarzwälder,1
Wolfgang Schäuble,politik,1
Wolfgang Schäuble,deutschland,1
Wolfgang Schäuble,ehemaliger minister,1
Wolfgang Schäuble,finanzen,1
Wolfgang Schäuble,korruption,1
Wolfgang Schäuble,ehemaliger finanzminister,1
Wolfgang Schäuble,war finanzminister,1
Wolfgang Schäuble,kalt,1
Wolfgang Schäuble,euro-krise,1
Wolfgang Schäuble,beziehung zu griechenland zerstört,1
Wolfgang Schäuble,attentat überlebt seitdem im rollstuhl,1
Wolfgang Schäuble,schuldenbremse,1
Wolfgang Schäuble,attentat,1
Wolfgang Schäuble,schroff,1
